model,track_id,class,enter_time_s,exit_time_s,duration_s,enter_frame,exit_frame,enter_cx,enter_cy,exit_cx,exit_cy,avg_conf_in_region,max_conf_in_region,frames_in_region
tuned,2,car,1.0666666666666667,1.8666666666666667,0.8,32,56,1198.7854,599.30457,1177.9562,561.1305,0.6521867488821348,0.7355589270591736,24
tuned,3,car,0.0,0.43333333333333335,0.43333333333333335,0,13,1184.8799,574.8734,1186.5677,560.0538,0.6887237750566922,0.7374326586723328,13
tuned,4,truck,1.5,2.2333333333333334,0.7333333333333334,45,67,938.92395,561.7589,925.13525,599.16473,0.6209287771156856,0.7416625022888184,21
tuned,8,car,7.3,8.133333333333333,0.833333333333333,219,244,921.62634,560.978,902.92194,599.04297,0.8755936455726624,0.8913581371307373,25
tuned,9,truck,2.1,2.933333333333333,0.833333333333333,63,88,847.8313,561.31274,825.95306,599.2149,0.45426150872593835,0.6454960107803345,21
tuned,10,car,141.66666666666666,141.76666666666668,0.10000000000002274,4250,4253,911.8987,567.8666,912.3533,588.9531,0.6659315427144369,0.6901798844337463,3
tuned,10,car,141.86666666666667,141.96666666666667,0.09999999999999432,4256,4259,913.54297,590.6385,911.985,563.79047,0.662905772527059,0.6637089848518372,3
tuned,14,car,141.7,141.93333333333334,0.2333333333333485,4251,4258,814.33594,566.20984,814.0316,565.3139,0.7819326605115619,0.809154212474823,7
tuned,18,truck,0.2,0.26666666666666666,0.06666666666666665,6,8,791.9013,597.84863,791.28955,599.61084,0.3780840039253235,0.48628315329551697,2
tuned,44,car,1.2333333333333334,419.96666666666664,418.7333333333333,37,12599,1270.7732,596.8671,1271.9937,598.2745,0.34551260620355606,0.4315738379955292,4
tuned,59,car,4.1,5.1,1.0,123,153,1165.8485,599.7091,1149.5264,560.20593,0.6330899149179459,0.694932222366333,30
tuned,82,keke,4.933333333333334,5.733333333333333,0.7999999999999998,148,172,851.2186,560.30615,829.8083,594.1616,0.5912904817807046,0.8079348206520081,19
tuned,83,keke,2.7333333333333334,419.96666666666664,417.2333333333333,82,12599,831.70825,590.5341,831.70825,590.5341,0.31630221009254456,0.31630221009254456,1
tuned,88,truck,4.133333333333334,4.766666666666667,0.6333333333333329,124,143,953.081,561.4048,945.7061,598.5836,0.6068988081656004,0.7387920022010803,19
tuned,98,car,6.566666666666666,7.833333333333333,1.2666666666666666,197,235,1207.8347,599.43866,1177.2537,560.1439,0.611278968082892,0.7776191234588623,37
tuned,108,car,4.3,5.4,1.1000000000000005,129,162,1250.2764,596.2261,1236.6915,560.4459,0.4613449337153599,0.5841303467750549,29
tuned,131,car,13.1,14.1,1.0,393,423,911.0439,561.0011,894.6799,598.54456,0.8314530551433563,0.8518773913383484,30
tuned,134,truck,8.633333333333333,9.7,1.0666666666666664,259,291,866.2457,560.11505,843.42584,599.3388,0.4083367154516023,0.5761314630508423,29
tuned,154,car,14.133333333333333,15.133333333333333,1.0,424,454,822.0238,560.4145,788.4728,599.4911,0.8511581420898438,0.8717840909957886,30
tuned,155,car,11.166666666666666,12.366666666666667,1.200000000000001,335,371,928.1113,560.22595,904.4708,598.95483,0.785001180238194,0.8658891916275024,36
tuned,157,car,6.6,419.96666666666664,413.3666666666666,198,12599,1207.0304,599.0537,1204.7078,596.3439,0.5891004502773285,0.7443181872367859,4
tuned,162,truck,6.9,419.96666666666664,413.06666666666666,207,12599,1199.335,589.2195,1199.335,589.2195,0.41074496507644653,0.41074496507644653,1
tuned,167,truck,7.033333333333333,419.96666666666664,412.9333333333333,211,12599,1196.0703,584.0547,1194.6119,582.38336,0.5488356351852417,0.6055464148521423,3
tuned,169,truck,7.2,419.96666666666664,412.76666666666665,216,12599,1192.1967,578.33453,1190.5298,576.3417,0.4782400031884511,0.5214362144470215,3
tuned,174,truck,7.4,419.96666666666664,412.56666666666666,222,12599,1186.7815,571.74097,1183.4635,569.0968,0.5434302985668182,0.6293433308601379,5
tuned,181,car,7.633333333333334,419.96666666666664,412.3333333333333,229,12599,1181.1794,566.1949,1177.4751,560.6444,0.5357537617286047,0.6014948487281799,6
tuned,205,truck,9.3,419.96666666666664,410.66666666666663,279,12599,851.0265,588.19226,850.1898,589.8834,0.35395993292331696,0.4130125939846039,2
tuned,220,car,14.033333333333333,15.1,1.0666666666666664,421,453,958.5958,560.23865,949.41504,599.20135,0.5762018915265799,0.7480441927909851,32
tuned,229,car,32.3,38.63333333333333,6.333333333333336,969,1159,1255.3744,560.3956,1257.4391,599.81335,0.7174528325858869,0.7821208238601685,190
tuned,229,car,40.13333333333333,41.5,1.3666666666666671,1204,1245,1257.1654,594.4542,1258.0127,560.2224,0.7090004026889801,0.767964243888855,40
tuned,235,car,13.466666666666667,14.4,0.9333333333333336,404,432,1142.269,599.907,1132.9823,560.4228,0.7303350503955569,0.8158966302871704,28
tuned,249,car,14.133333333333333,15.433333333333334,1.3000000000000007,424,463,1208.0493,598.76135,1180.0741,560.0132,0.6690447009526767,0.778080403804779,39
tuned,269,truck,19.733333333333334,20.666666666666668,0.9333333333333336,592,620,843.65955,560.12476,821.0807,595.3584,0.3534760134560721,0.5509271025657654,21
tuned,284,car,14.6,419.96666666666664,405.3666666666666,438,12599,955.5553,583.266,953.9913,586.97253,0.4329986075560252,0.5717465281486511,6
tuned,287,car,14.933333333333334,419.96666666666664,405.0333333333333,448,12599,950.85645,593.33484,950.85645,593.33484,0.3590180575847626,0.3590180575847626,1
tuned,288,car,17.0,18.5,1.5,510,555,1209.0613,599.2528,1191.2004,560.85,0.6664924396408929,0.720532238483429,45
tuned,289,car,18.533333333333335,19.8,1.2666666666666657,556,594,1164.145,599.6501,1152.2312,560.14105,0.576325071485419,0.735122561454773,38
tuned,297,car,18.866666666666667,20.1,1.2333333333333343,566,603,1113.6223,598.57825,1097.5305,560.5802,0.7029316876385663,0.7936921715736389,37
tuned,309,truck,22.9,23.766666666666666,0.8666666666666671,687,713,862.8121,560.7074,843.39923,599.264,0.767754655617934,0.8431714177131653,26
tuned,333,car,39.8,41.13333333333333,1.3333333333333357,1194,1234,1185.3871,599.9752,1161.9398,560.08496,0.7279420383274555,0.8050550818443298,40
tuned,366,car,23.6,24.533333333333335,0.9333333333333336,708,736,881.923,560.56085,848.7088,599.10376,0.5190073496529034,0.6816987991333008,28
tuned,402,car,24.433333333333334,25.533333333333335,1.1000000000000014,733,766,1144.2534,599.9675,1119.1997,560.27893,0.7997671871474294,0.8268852829933167,33
tuned,405,car,24.933333333333334,26.133333333333333,1.1999999999999993,748,784,1095.7072,598.9785,1085.4597,560.7807,0.7129118707444932,0.7464714050292969,36
tuned,424,car,27.1,28.0,0.8999999999999986,813,840,845.78735,565.2719,823.7429,599.5277,0.43412941851113973,0.6715239882469177,19
tuned,457,car,33.36666666666667,34.9,1.5333333333333314,1001,1047,873.6446,560.2731,857.10516,599.6248,0.4907027806924737,0.6087800860404968,46
tuned,460,car,28.133333333333333,29.6,1.4666666666666686,844,888,1154.3853,599.8441,1142.0002,560.04614,0.5732750621708956,0.6979031562805176,44
tuned,461,car,30.766666666666666,31.766666666666666,1.0,923,953,873.49,560.05835,847.4686,599.4855,0.43097529888153074,0.6793413758277893,25
tuned,484,car,31.8,32.8,0.9999999999999964,954,984,928.29504,560.65845,917.94696,598.4976,0.8310147007306417,0.8402276039123535,30
tuned,498,car,33.86666666666667,35.233333333333334,1.3666666666666671,1016,1057,943.1282,560.5469,935.4391,599.60803,0.601567746662512,0.6738706827163696,41
tuned,523,car,31.466666666666665,419.96666666666664,388.5,944,12599,854.3948,586.652,854.3948,586.652,0.3617660701274872,0.3617660701274872,1
tuned,538,car,36.0,38.06666666666667,2.06666666666667,1080,1142,1095.5564,599.7832,1087.9539,560.526,0.8276070942801814,0.8558983206748962,62
tuned,538,car,38.5,39.233333333333334,0.7333333333333343,1155,1177,1083.8479,560.46545,1079.0378,561.39465,0.8172492249445482,0.8286512494087219,22
tuned,567,truck,33.4,419.96666666666664,386.56666666666666,1002,12599,873.7468,561.7283,873.0109,564.34033,0.3379216343164444,0.40698039531707764,4
tuned,583,car,36.56666666666667,38.06666666666667,1.5,1097,1142,934.6019,560.8075,924.7294,598.15906,0.39424112855001936,0.6020597219467163,43
tuned,583,car,42.53333333333333,42.7,0.1666666666666714,1276,1281,786.44037,596.49,775.6333,564.57513,0.8141034603118896,0.8400965929031372,5
tuned,583,car,43.03333333333333,43.3,0.2666666666666657,1291,1299,743.21875,560.964,714.94995,599.5115,0.8886808454990387,0.9088553190231323,8
tuned,588,car,39.06666666666667,40.166666666666664,1.0999999999999943,1172,1205,1099.8147,599.7278,1090.0159,562.1007,0.5963102091442455,0.7256376147270203,33
tuned,599,car,37.266666666666666,38.4,1.1333333333333329,1118,1152,898.3262,560.7905,863.4554,599.42944,0.4665879686089123,0.6949396729469299,34
tuned,617,car,36.2,36.3,0.09999999999999432,1086,1089,1261.9363,561.1189,1261.9153,560.16174,0.34252744913101196,0.3761448562145233,3
tuned,617,car,36.833333333333336,419.96666666666664,383.1333333333333,1105,12599,1261.0859,560.37134,1258.1118,579.6659,0.3532109475798077,0.712614119052887,54
tuned,631,truck,37.2,419.96666666666664,382.76666666666665,1116,12599,930.0769,578.1422,929.9591,580.82605,0.2786543846130371,0.32713782787323,5
tuned,645,car,39.2,41.93333333333333,2.733333333333327,1176,1258,938.45465,560.68475,906.74414,563.13104,0.4928662416996894,0.7990817427635193,77
tuned,645,car,45.666666666666664,46.03333333333333,0.36666666666666714,1370,1381,723.12585,562.2477,687.3015,594.4071,0.5900809060443531,0.8564439415931702,11
tuned,650,car,37.6,419.96666666666664,382.3666666666666,1128,12599,927.3775,588.2402,925.92633,594.14435,0.32492347061634064,0.3500630855560303,8
tuned,656,truck,38.13333333333333,419.96666666666664,381.8333333333333,1144,12599,871.6655,588.1188,868.0625,591.6529,0.3082925155758858,0.3372885584831238,4
tuned,658,bicycle,38.2,419.96666666666664,381.76666666666665,1146,12599,818.1571,560.08954,828.18164,588.116,0.40852339193224907,0.5394739508628845,32
tuned,728,car,42.166666666666664,42.233333333333334,0.06666666666666998,1265,1267,1197.3197,586.29486,1197.3197,586.29486,0.46654200553894043,0.46654200553894043,1
tuned,736,car,42.166666666666664,42.233333333333334,0.06666666666666998,1265,1267,1110.9244,589.35626,1110.1139,574.8331,0.849584311246872,0.8501095175743103,2
tuned,737,truck,41.43333333333333,419.96666666666664,378.5333333333333,1243,12599,914.65283,571.443,914.65283,571.443,0.3195958733558655,0.3195958733558655,1
tuned,739,car,42.233333333333334,42.333333333333336,0.10000000000000142,1267,1270,1221.326,595.6312,1218.4192,566.00934,0.4645630419254303,0.6000698208808899,3
tuned,743,car,41.6,419.96666666666664,378.3666666666666,1248,12599,913.1321,571.00836,912.7815,571.5846,0.35744400322437286,0.36952435970306396,2
tuned,755,car,42.6,42.766666666666666,0.1666666666666643,1278,1283,575.8895,592.36804,551.4303,560.59174,0.8268939852714539,0.8661196827888489,5
tuned,755,car,42.96666666666667,43.266666666666666,0.29999999999999716,1289,1298,511.46826,560.7306,447.3509,599.99866,0.8871392673916287,0.9128586053848267,9
tuned,783,truck,50.46666666666667,50.8,0.3333333333333286,1514,1524,739.2432,560.74054,698.3054,594.69446,0.5368704994519552,0.7963845133781433,9
tuned,803,car,46.333333333333336,46.8,0.46666666666666146,1390,1404,1246.1111,598.2914,1233.4109,562.9874,0.8473245458943504,0.8788657188415527,14
tuned,808,car,45.96666666666667,419.96666666666664,374.0,1379,12599,691.4967,589.86127,691.4967,589.86127,0.3617902100086212,0.3617902100086212,1
tuned,840,car,63.166666666666664,63.93333333333333,0.7666666666666657,1895,1918,790.9469,561.14954,755.3976,598.42175,0.8641017312588899,0.8759227395057678,23
tuned,842,keke,48.3,48.733333333333334,0.4333333333333371,1449,1462,1272.6246,591.13245,1262.4006,561.1068,0.5235346028437982,0.6687000393867493,13
tuned,855,car,56.63333333333333,57.4,0.7666666666666657,1699,1722,871.58875,562.35376,843.1895,598.1188,0.5327885821461678,0.7919689416885376,16
tuned,877,keke,48.666666666666664,419.96666666666664,371.29999999999995,1460,12599,1263.7566,563.3075,1263.7566,563.3075,0.3848554790019989,0.3848554790019989,1
tuned,882,car,63.86666666666667,64.66666666666667,0.8000000000000043,1916,1940,877.6078,560.7932,858.0384,599.8971,0.8530683865149816,0.8640611171722412,24
tuned,884,car,59.63333333333333,60.56666666666667,0.9333333333333371,1789,1817,797.30994,560.7288,753.71875,598.78406,0.5650332707625169,0.7707158327102661,26
tuned,900,bicycle,52.63333333333333,53.4,0.7666666666666657,1579,1602,710.9508,570.7607,698.5007,599.7726,0.3268458909458584,0.46713975071907043,9
tuned,924,car,52.3,53.46666666666667,1.1666666666666714,1569,1604,1267.1555,593.7597,1247.8391,560.28864,0.7054548536028181,0.816139817237854,35
tuned,987,truck,57.166666666666664,58.233333333333334,1.06666666666667,1715,1747,1208.0015,598.7334,1159.6545,561.16626,0.5192580819129944,0.6987270712852478,30
tuned,1017,car,60.2,61.1,0.8999999999999986,1806,1833,1171.8192,598.26465,1147.872,560.90906,0.622575887120687,0.7646243572235107,26
tuned,1041,car,59.266666666666666,64.73333333333333,5.466666666666669,1778,1942,1272.2855,595.17615,1267.4075,599.75586,0.64457564837322,0.7250147461891174,164
tuned,1041,car,77.3,79.2,1.9000000000000057,2319,2376,1257.9557,593.397,1259.8416,561.6187,0.5693183513574822,0.7339860200881958,43
tuned,1041,car,79.6,419.96666666666664,340.3666666666667,2388,12599,1261.5929,563.5085,1250.3289,574.4946,0.32070852518081666,0.3974432945251465,10
tuned,1053,car,60.2,419.96666666666664,359.76666666666665,1806,12599,1171.8005,598.9874,1166.1877,592.0017,0.40537654161453246,0.5579708814620972,5
tuned,1064,truck,67.6,68.66666666666667,1.066666666666677,2028,2060,797.31335,560.46216,784.35034,586.84644,0.4285544753074646,0.6340165734291077,26
tuned,1068,car,66.9,67.6,0.6999999999999886,2007,2028,849.47327,561.30444,825.5631,598.936,0.7993416786193848,0.855883002281189,21
tuned,1089,motorcycle,65.4,419.96666666666664,354.5666666666666,1962,12599,721.73096,561.47437,714.09375,591.8292,0.4282706074598359,0.604103684425354,82
tuned,1092,car,71.43333333333334,72.5,1.0666666666666629,2143,2175,816.8363,561.1146,805.6302,598.99194,0.5949139557778835,0.7553343176841736,32
tuned,1096,car,67.6,69.2,1.6000000000000085,2028,2076,1176.4504,599.1283,1163.6074,560.041,0.695605023453633,0.8017252087593079,48
tuned,1102,car,69.43333333333334,70.3,0.86666666666666,2083,2109,888.6074,560.93365,872.2778,598.5657,0.44262919607369794,0.7585515379905701,23
tuned,1115,car,68.2,69.13333333333334,0.9333333333333371,2046,2074,849.7528,560.7809,810.9932,599.48505,0.441991132848403,0.5452337265014648,17
tuned,1118,car,68.26666666666667,69.23333333333333,0.9666666666666686,2048,2077,1078.5847,599.6264,1054.8357,560.45044,0.656909021837958,0.7633140683174133,29
tuned,1121,car,67.6,419.96666666666664,352.3666666666667,2028,12599,1256.2532,560.2573,1257.9287,563.3894,0.2881782906396048,0.3446001410484314,7
tuned,1122,car,72.6,74.06666666666666,1.4666666666666686,2178,2222,797.5608,560.74695,787.53955,582.25854,0.42185655457002147,0.5838330388069153,27
tuned,1124,car,70.86666666666666,71.83333333333333,0.9666666666666686,2126,2155,909.6299,561.21277,895.3023,599.7703,0.5205002581251079,0.7192710041999817,29
tuned,1154,car,70.23333333333333,71.2,0.9666666666666686,2107,2136,829.26447,560.83093,806.00366,599.14795,0.49799806411777225,0.6557884216308594,28
tuned,1157,car,70.4,71.73333333333333,1.3333333333333286,2112,2152,1156.7366,599.2738,1132.488,560.3252,0.7123583540320396,0.7874038815498352,40
tuned,1162,car,70.9,72.16666666666667,1.2666666666666657,2127,2165,1057.4124,599.5653,1048.55,560.678,0.6862435842815199,0.7799334526062012,38
tuned,1164,car,71.66666666666667,72.83333333333333,1.1666666666666572,2150,2185,1106.8903,599.6102,1083.6216,560.4165,0.6189803906849453,0.69138503074646,35
tuned,1182,car,72.73333333333333,73.3,0.5666666666666629,2182,2199,900.1489,578.1029,895.4714,590.61743,0.3339715193618428,0.45310351252555847,11
tuned,1236,car,74.66666666666667,75.76666666666667,1.0999999999999943,2240,2273,1054.6514,598.729,1053.3032,560.3551,0.6576303713249437,0.7381975054740906,33
tuned,1239,car,75.3,76.63333333333334,1.3333333333333428,2259,2299,1148.0847,599.85986,1134.1609,560.28656,0.732608962059021,0.780053436756134,40
tuned,1252,keke,75.56666666666666,76.8,1.2333333333333343,2267,2304,801.9795,560.61957,777.4103,599.79175,0.4123976748922597,0.5958290696144104,23
tuned,1252,keke,77.06666666666666,78.23333333333333,1.1666666666666714,2312,2347,770.2155,597.5033,724.07874,599.3042,0.5167236477136612,0.6795085668563843,30
tuned,1267,bus,75.6,76.6,1.0,2268,2298,862.7877,560.2388,854.8723,597.2805,0.47762847053153173,0.6514076590538025,28
tuned,1267,bus,77.2,77.73333333333333,0.5333333333333314,2316,2332,835.255,599.0134,807.8638,598.9491,0.4992278702557087,0.6852868795394897,16
tuned,1278,car,77.13333333333334,77.36666666666666,0.23333333333332007,2314,2321,1126.35,595.46216,1121.3567,562.22626,0.7648978659084865,0.7902213931083679,7
tuned,1280,car,80.86666666666666,81.63333333333334,0.7666666666666799,2426,2449,791.29706,560.0296,749.8749,598.91394,0.7484521749226943,0.9038246273994446,23
tuned,1299,car,76.56666666666666,77.23333333333333,0.6666666666666714,2297,2317,1147.3494,599.4488,1141.2339,562.66345,0.46770468801259996,0.571405827999115,20
tuned,1302,truck,76.06666666666666,419.96666666666664,343.9,2282,12599,859.69275,577.4714,859.69275,577.4714,0.3343410789966583,0.3343410789966583,1
tuned,1313,car,81.33333333333333,81.93333333333334,0.6000000000000085,2440,2458,861.7068,562.6205,842.4718,599.9535,0.6404798249403636,0.7568652629852295,15
tuned,1322,car,79.73333333333333,80.96666666666667,1.2333333333333343,2392,2429,1186.0549,598.75574,1165.4177,560.03357,0.7663918330862716,0.8392138481140137,37
tuned,1323,car,91.46666666666667,92.23333333333333,0.7666666666666657,2744,2767,779.1362,560.12366,750.68604,598.7554,0.4892834154042331,0.7316201329231262,22
tuned,1327,car,77.56666666666666,419.96666666666664,342.4,2327,12599,815.9147,592.7545,814.359,594.53986,0.3813423812389374,0.4015916585922241,2
tuned,1333,car,80.43333333333334,81.5,1.0666666666666629,2413,2445,1127.9805,599.8463,1099.1686,560.8185,0.7530354224145412,0.8090064525604248,32
tuned,1335,truck,77.93333333333334,419.96666666666664,342.0333333333333,2338,12599,739.4979,588.9938,739.4979,588.9938,0.33264482021331787,0.33264482021331787,1
tuned,1349,car,79.26666666666667,80.2,0.9333333333333371,2378,2406,660.87134,589.3107,658.26196,599.98267,0.39850439769881113,0.5056686401367188,21
tuned,1349,car,80.26666666666667,80.5,0.23333333333333428,2408,2415,658.7119,599.7294,658.48804,599.98975,0.48095883641924175,0.5041321516036987,7
tuned,1350,car,82.13333333333334,83.23333333333333,1.0999999999999943,2464,2497,1168.6046,599.04016,1150.6536,560.0565,0.7796680240920095,0.8207618594169617,33
tuned,1369,car,81.93333333333334,82.66666666666667,0.7333333333333343,2458,2480,1052.5344,599.3485,1045.8297,560.4198,0.8473103100603278,0.8692062497138977,22
tuned,1373,car,82.7,83.43333333333334,0.7333333333333343,2481,2503,1086.793,598.8307,1070.3896,561.14746,0.8249595111066644,0.839499831199646,22
tuned,1390,car,82.16666666666667,99.56666666666666,17.39999999999999,2465,2987,1259.5317,564.0613,1257.3713,599.413,0.6406395501819842,0.7744221687316895,511
tuned,1390,car,100.0,100.36666666666666,0.36666666666666003,3000,3011,1258.0425,598.77386,1257.6333,599.4049,0.48863712495023554,0.528392493724823,11
tuned,1390,car,100.7,101.76666666666667,1.0666666666666629,3021,3053,1261.2891,596.9197,1262.1584,560.3218,0.5631889011710882,0.5940117835998535,32
tuned,1390,car,114.46666666666667,114.73333333333333,0.2666666666666657,3434,3442,1252.273,567.9455,1252.3362,562.3371,0.3232603743672371,0.3517845869064331,4
tuned,1414,car,85.0,85.9,0.9000000000000057,2550,2577,1099.7476,598.4828,1092.4666,560.7385,0.8276257934393706,0.8422929048538208,27
tuned,1419,car,85.93333333333334,87.4,1.4666666666666686,2578,2622,1198.7927,598.79553,1185.8398,561.06445,0.8112284012816169,0.8405627608299255,44
tuned,1431,truck,87.26666666666667,87.8,0.5333333333333314,2618,2634,810.15515,561.323,777.42487,597.5306,0.3535506516695023,0.5581485033035278,10
tuned,1482,car,95.3,96.06666666666666,0.7666666666666657,2859,2882,742.68506,560.6012,701.1306,599.4497,0.4832684248685837,0.7893987894058228,22
tuned,1491,truck,93.96666666666667,94.66666666666667,0.7000000000000028,2819,2840,855.4,562.23987,837.7051,599.14166,0.8035855605488732,0.8628993034362793,21
tuned,1503,bicycle,88.4,89.0,0.5999999999999943,2652,2670,662.84143,577.2432,658.47314,599.32336,0.3957681440644794,0.5133535265922546,18
tuned,1543,car,98.26666666666667,99.13333333333334,0.8666666666666742,2948,2974,818.629,560.5207,799.13007,599.85535,0.8608052753485166,0.8759312629699707,26
tuned,1583,car,97.06666666666666,97.83333333333333,0.7666666666666657,2912,2935,791.87036,561.2603,767.92847,599.3253,0.7034334799517756,0.7951856851577759,23
tuned,1625,truck,91.96666666666667,419.96666666666664,328.0,2759,12599,760.9861,585.298,760.9861,585.298,0.42623671889305115,0.42623671889305115,1
tuned,1700,car,112.63333333333334,113.3,0.6666666666666572,3379,3399,824.0316,560.266,805.57324,599.25726,0.8626214832067489,0.8714085817337036,20
tuned,1715,car,97.76666666666667,98.53333333333333,0.7666666666666657,2933,2956,1105.2969,599.3274,1096.2991,561.25806,0.6642312407493591,0.7833611369132996,23
tuned,1724,car,98.56666666666666,99.46666666666667,0.9000000000000057,2957,2984,1160.4316,598.3862,1137.5483,560.4195,0.650997504040047,0.7456840872764587,27
tuned,1725,truck,96.0,419.96666666666664,323.96666666666664,2880,12599,703.5642,597.103,701.4658,599.2008,0.3546687066555023,0.3902239203453064,2
tuned,1733,car,98.96666666666667,99.93333333333334,0.9666666666666686,2969,2998,1077.6414,599.6458,1072.6455,560.47156,0.7562973560958073,0.8035492300987244,29
tuned,1768,car,119.8,120.33333333333333,0.5333333333333314,3594,3610,879.8679,561.3635,860.43115,598.28986,0.8803350515663624,0.8927245140075684,16
tuned,1777,car,101.46666666666667,101.93333333333334,0.46666666666666856,3044,3058,1127.0105,599.4302,1123.0963,561.52924,0.6712833855833326,0.7446712255477905,14
tuned,1782,truck,106.76666666666667,107.3,0.5333333333333314,3203,3219,761.06055,563.9846,736.33636,599.96423,0.45103811071469235,0.6620453596115112,13
tuned,1820,car,103.83333333333333,104.63333333333334,0.8000000000000114,3115,3139,1215.9854,599.8369,1189.4026,560.82385,0.49491454164187115,0.7493681907653809,24
tuned,1840,car,104.26666666666667,419.96666666666664,315.7,3128,12599,1200.5793,577.04175,1200.5793,577.04175,0.34073376655578613,0.34073376655578613,1
tuned,1841,car,104.4,419.96666666666664,315.5666666666666,3132,12599,1195.9779,570.6333,1193.1844,565.682,0.4476444572210312,0.5875216126441956,4
tuned,1849,keke,108.46666666666667,109.3,0.8333333333333286,3254,3279,647.26965,561.02356,589.2532,599.288,0.5906393921375275,0.8978918194770813,25
tuned,1852,keke,109.56666666666666,110.2,0.63333333333334,3287,3306,825.6505,561.3275,803.72675,599.8995,0.6063587982207537,0.8190581202507019,16
tuned,1876,truck,114.53333333333333,115.13333333333334,0.6000000000000085,3436,3454,778.87305,562.4968,750.88354,598.8707,0.5645573805360233,0.7847917079925537,17
tuned,1879,car,110.3,111.0,0.7000000000000028,3309,3330,743.75555,561.228,712.53,596.00006,0.4554784645636876,0.7383867502212524,12
tuned,1881,car,109.6,110.43333333333334,0.8333333333333428,3288,3313,1221.843,599.5231,1188.7417,561.15045,0.43031933361833746,0.5861670970916748,22
tuned,1888,keke,108.96666666666667,419.96666666666664,311.0,3269,12599,612.22974,584.32245,612.22974,584.32245,0.40657711029052734,0.40657711029052734,1
tuned,1892,car,109.63333333333334,419.96666666666664,310.3333333333333,3289,12599,824.0624,565.25055,824.0624,565.25055,0.3333676755428314,0.3333676755428314,1
tuned,1936,car,113.66666666666667,114.2,0.5333333333333314,3410,3426,1194.264,598.843,1169.0383,560.32166,0.4498173865404996,0.6591528058052063,11
tuned,1936,car,114.23333333333333,114.36666666666666,0.13333333333332575,3427,3431,1166.1566,560.65076,1162.3772,561.1516,0.6615906059741974,0.7226719260215759,4
tuned,1955,car,121.16666666666667,122.1,0.9333333333333229,3635,3663,695.3613,561.29126,665.45447,598.974,0.49359864879537513,0.7903686761856079,27
tuned,1975,truck,114.7,115.6,0.8999999999999915,3441,3468,1156.5027,599.3375,1142.4946,561.4524,0.7967438366678026,0.8234105110168457,27
tuned,1992,car,122.0,122.4,0.4000000000000057,3660,3672,861.3352,563.0886,852.4252,598.31104,0.5603648573160172,0.7497035264968872,12
tuned,2013,truck,122.33333333333333,122.73333333333333,0.4000000000000057,3670,3682,917.84576,562.4728,914.6029,599.8565,0.4911090406504544,0.6949673891067505,11
tuned,2016,car,117.7,118.4,0.7000000000000028,3531,3552,1206.0388,599.38806,1193.8921,561.0122,0.7670687522206988,0.8240548968315125,21
tuned,2086,truck,121.5,419.96666666666664,298.46666666666664,3645,12599,676.3553,580.9004,667.4171,587.8883,0.4601569175720215,0.5984352231025696,5
tuned,2089,keke,124.23333333333333,126.0,1.7666666666666657,3727,3780,1214.9902,599.443,1198.4886,560.172,0.6808886393061224,0.7554013133049011,53
tuned,2099,truck,127.8,128.53333333333333,0.7333333333333343,3834,3856,827.8815,560.04016,806.8406,560.5303,0.644696908918294,0.82079017162323,22
tuned,2099,truck,129.23333333333332,129.26666666666668,0.03333333333335986,3877,3878,918.58264,579.48376,918.58264,579.48376,0.8702619671821594,0.8702619671821594,1
tuned,2099,truck,129.7,129.8,0.10000000000002274,3891,3894,853.24524,597.6908,849.7674,599.37866,0.8694534699122111,0.8966102004051208,3
tuned,2141,car,129.4,129.43333333333334,0.03333333333333144,3882,3883,1028.7004,561.57837,1028.7004,561.57837,0.5899210572242737,0.5899210572242737,1
tuned,2141,car,130.16666666666666,130.33333333333334,0.16666666666668561,3905,3910,1006.16003,567.7446,1001.0587,566.8775,0.7732887029647827,0.8413078188896179,5
tuned,2141,car,131.46666666666667,131.76666666666668,0.30000000000001137,3944,3953,856.66986,560.0325,841.02856,594.40454,0.8516115877363417,0.8640658855438232,9
tuned,2143,car,132.16666666666666,132.83333333333334,0.6666666666666856,3965,3985,792.3624,560.23413,752.02185,599.8771,0.38943427275208864,0.7171680331230164,17
tuned,2143,car,134.73333333333332,134.76666666666668,0.03333333333335986,4042,4043,660.1262,599.7095,660.1262,599.7095,0.40135204792022705,0.40135204792022705,1
tuned,2149,keke,124.26666666666667,419.96666666666664,295.7,3728,12599,1214.7292,598.8435,1214.3623,598.37683,0.33767659962177277,0.3447669744491577,2
tuned,2234,car,137.23333333333332,137.8,0.5666666666666913,4117,4134,869.6879,561.3398,860.1076,599.7029,0.7734564718078164,0.8250667452812195,17
tuned,2241,car,128.03333333333333,419.96666666666664,291.9333333333333,3841,12599,821.0027,572.9447,821.0027,572.9447,0.4356768727302551,0.4356768727302551,1
tuned,2243,car,128.16666666666666,419.96666666666664,291.79999999999995,3845,12599,817.0797,577.80914,816.4815,578.0269,0.4616950452327728,0.4756581485271454,2
tuned,2244,car,133.63333333333333,134.66666666666666,1.0333333333333314,4009,4040,896.8667,561.71533,877.0786,560.3179,0.4886716922124227,0.7079929709434509,30
tuned,2244,car,134.86666666666667,135.83333333333334,0.9666666666666686,4046,4075,871.7366,560.12854,847.40735,599.38776,0.48020363474885625,0.7639561295509338,24
tuned,2249,car,128.76666666666668,128.83333333333334,0.06666666666666288,3863,3865,1245.9796,589.0205,1249.4702,572.7528,0.4833182096481323,0.6290885806083679,2
tuned,2279,car,154.5,155.13333333333333,0.6333333333333258,4635,4654,877.17847,560.92413,843.54456,599.015,0.873756700440457,0.8855803608894348,19
tuned,2321,car,138.36666666666667,140.76666666666668,2.4000000000000057,4151,4223,811.5492,560.54675,859.1898,597.9813,0.5776335257622931,0.6785687208175659,72
tuned,2362,car,134.53333333333333,134.93333333333334,0.4000000000000057,4036,4048,1148.0089,599.1848,1137.5565,560.3259,0.4854833136002223,0.676154375076294,12
tuned,2407,car,133.73333333333332,419.96666666666664,286.23333333333335,4012,12599,894.7324,565.9386,893.6572,567.3119,0.4988115578889847,0.5629054307937622,2
tuned,2424,car,135.6,136.33333333333334,0.7333333333333485,4068,4090,1144.3352,599.9403,1128.959,560.9525,0.5200168964537707,0.6424018144607544,22
tuned,2424,car,141.7,141.8,0.10000000000002274,4251,4254,1134.5564,570.0096,1135.0032,590.5143,0.4066123366355896,0.4922390580177307,3
tuned,2424,car,141.86666666666667,141.93333333333334,0.06666666666666288,4256,4258,1134.5508,580.25055,1133.8821,566.17773,0.39374616742134094,0.43622493743896484,2
tuned,2427,car,134.93333333333334,135.36666666666667,0.4333333333333371,4048,4061,1272.124,599.7738,1272.513,599.0204,0.587030135668241,0.601450502872467,13
tuned,2427,car,135.6,136.83333333333334,1.2333333333333485,4068,4105,1271.23,598.6741,1270.9587,599.9617,0.503963598320561,0.6084575057029724,31
tuned,2427,car,136.96666666666667,137.03333333333333,0.06666666666666288,4109,4111,1270.7817,599.6886,1270.8066,599.786,0.4647347182035446,0.48044726252555847,2
tuned,2427,car,137.06666666666666,137.36666666666667,0.30000000000001137,4112,4121,1271.3,599.844,1271.2612,599.3329,0.5626929733488295,0.6072890758514404,9
tuned,2428,truck,134.23333333333332,419.96666666666664,285.73333333333335,4027,12599,885.28296,577.44275,885.28296,577.44275,0.3398248255252838,0.3398248255252838,1
tuned,2434,truck,134.33333333333334,419.96666666666664,285.6333333333333,4030,12599,883.4314,575.03296,882.57666,573.7002,0.30833491683006287,0.3376167416572571,2
tuned,2443,car,138.56666666666666,139.33333333333334,0.7666666666666799,4157,4180,1194.9132,599.13824,1172.6888,560.69775,0.5333513267662214,0.6258484125137329,23
tuned,2443,car,141.03333333333333,141.66666666666666,0.6333333333333258,4231,4250,1194.6283,566.50806,1186.5576,599.5625,0.5369485459829632,0.5979722142219543,19
tuned,2443,car,141.96666666666667,142.03333333333333,0.06666666666666288,4259,4261,1176.5819,583.99207,1174.3765,561.49304,0.47542721033096313,0.4916887879371643,2
tuned,2456,car,141.6,141.73333333333332,0.13333333333332575,4248,4252,957.1803,562.5631,956.3185,596.7992,0.584396481513977,0.6562060117721558,4
tuned,2456,car,141.9,142.0,0.09999999999999432,4257,4260,953.10364,598.48425,951.3561,571.5764,0.6628514726956686,0.6804718971252441,3
tuned,2456,car,151.86666666666667,152.63333333333333,0.7666666666666515,4556,4579,794.1477,561.2385,751.6106,598.8614,0.7600476949111276,0.8194446563720703,23
tuned,2466,car,139.36666666666667,140.03333333333333,0.6666666666666572,4181,4201,1149.3397,598.8435,1154.5173,561.1181,0.7013110011816025,0.762736439704895,20
tuned,2466,car,140.9,141.03333333333333,0.13333333333332575,4227,4231,1185.6478,560.90247,1185.79,592.30914,0.663396030664444,0.6812061071395874,4
tuned,2466,car,142.03333333333333,142.1,0.06666666666666288,4261,4263,1169.9241,578.79297,1169.3689,561.2924,0.5563474893569946,0.5594522356987,2
tuned,2468,car,140.9,141.0,0.09999999999999432,4227,4230,961.7307,564.8018,961.8977,588.7194,0.4325775106747945,0.48431193828582764,3
tuned,2468,car,142.16666666666666,142.3,0.13333333333335418,4265,4269,947.21423,594.0107,943.6371,564.3618,0.5627700611948967,0.6813419461250305,4
tuned,2468,car,143.26666666666668,144.2,0.9333333333333087,4298,4326,922.53595,561.2042,894.26996,599.0907,0.5820817766445023,0.7655051946640015,28
tuned,2469,car,137.73333333333332,138.3,0.5666666666666913,4132,4149,831.2433,564.81396,821.0714,599.80035,0.3564761664186205,0.49875831604003906,14
tuned,2478,car,140.53333333333333,140.86666666666667,0.3333333333333428,4216,4226,1231.9579,599.60406,1241.3024,599.92523,0.5463445305824279,0.6280706524848938,10
tuned,2490,car,142.2,142.33333333333334,0.13333333333335418,4266,4270,1222.6049,570.1111,1222.6049,570.1111,0.2850620448589325,0.2850620448589325,1
tuned,2494,truck,141.0,141.13333333333333,0.13333333333332575,4230,4234,863.61597,560.9331,865.95764,594.08826,0.3677164986729622,0.4188682436943054,4
tuned,2494,truck,142.03333333333333,142.13333333333333,0.09999999999999432,4261,4264,860.89124,592.39154,859.0717,560.27295,0.5578213731447855,0.5643976330757141,3
tuned,2494,truck,146.53333333333333,147.26666666666668,0.7333333333333485,4396,4418,794.79297,561.3225,760.7301,599.6277,0.3250169020432692,0.4474579095840454,13
tuned,2534,car,140.63333333333333,140.76666666666668,0.13333333333335418,4219,4223,857.5627,595.2071,859.2986,597.97156,0.39582325518131256,0.4108006954193115,4
tuned,2541,car,140.96666666666667,141.06666666666666,0.09999999999999432,4229,4232,994.8353,565.2062,995.72,592.692,0.43707122405370075,0.5223537683486938,3
tuned,2542,truck,141.13333333333333,141.66666666666666,0.5333333333333314,4234,4250,994.3863,563.4236,992.8036,599.2244,0.328572615981102,0.44979310035705566,14
tuned,2542,truck,141.96666666666667,142.03333333333333,0.06666666666666288,4259,4261,989.05994,598.58527,988.27875,579.0477,0.4245595186948776,0.4471934139728546,2
tuned,2565,car,142.23333333333332,142.36666666666667,0.13333333333335418,4267,4271,1226.8713,595.17957,1225.428,571.53876,0.4340277711550395,0.6774188280105591,3
tuned,2582,car,141.96666666666667,142.0,0.03333333333333144,4259,4260,1229.3414,569.55554,1229.3414,569.55554,0.3732384443283081,0.3732384443283081,1
tuned,2591,car,141.86666666666667,419.96666666666664,278.09999999999997,4256,12599,1211.9331,599.1311,1211.9331,599.1311,0.27343568205833435,0.27343568205833435,1
tuned,2602,car,142.1,142.23333333333332,0.13333333333332575,4263,4267,989.52057,597.6987,988.3655,562.15015,0.5691757276654243,0.6498534083366394,4
tuned,2602,car,143.66666666666666,144.5,0.8333333333333428,4310,4335,980.0237,561.2837,970.2146,599.4021,0.4824648064871629,0.7134692072868347,24
tuned,2605,car,142.33333333333334,142.46666666666667,0.13333333333332575,4270,4274,1142.7191,582.06177,1140.8752,566.50543,0.35868531465530396,0.42117422819137573,3
tuned,2608,truck,142.3,142.66666666666666,0.3666666666666458,4269,4280,718.06445,598.8386,717.2052,560.44946,0.6562458601864901,0.7379468083381653,11
tuned,2608,truck,142.8,143.6,0.799999999999983,4284,4308,716.10284,560.1576,713.05365,560.1975,0.7043175424138705,0.7931324243545532,24
tuned,2613,car,142.1,142.2,0.09999999999999432,4263,4266,1245.4902,591.5126,1245.2814,562.8379,0.31587427854537964,0.3599044382572174,3
tuned,2618,car,142.26666666666668,419.96666666666664,277.69999999999993,4268,12599,1226.7161,589.4005,1226.7161,589.4005,0.29168131947517395,0.29168131947517395,1
tuned,2624,keke,142.53333333333333,143.26666666666668,0.7333333333333485,4276,4298,1270.3291,599.99133,1260.5695,561.01,0.35850559437976165,0.49289271235466003,17
tuned,2642,car,143.66666666666666,419.96666666666664,276.29999999999995,4310,12599,980.6255,560.5145,979.48126,564.99963,0.34266247351964313,0.4566558301448822,3
tuned,2650,truck,143.83333333333334,419.96666666666664,276.1333333333333,4315,12599,978.8186,567.3883,977.9,572.01697,0.3692537645498912,0.43737757205963135,3
tuned,2655,truck,146.46666666666667,147.03333333333333,0.5666666666666629,4394,4411,891.4624,560.312,867.3898,598.85254,0.4083614876637092,0.5136165022850037,13
tuned,2656,truck,143.96666666666667,419.96666666666664,276.0,4319,12599,900.89233,589.9765,900.89233,589.9765,0.5448212623596191,0.5448212623596191,1
tuned,2657,truck,144.0,419.96666666666664,275.96666666666664,4320,12599,976.3087,577.3264,976.3087,577.3264,0.3259558081626892,0.3259558081626892,1
tuned,2658,truck,144.06666666666666,419.96666666666664,275.9,4322,12599,898.09247,594.0526,895.6204,596.50867,0.3079216579596202,0.33701619505882263,3
tuned,2662,car,144.2,419.96666666666664,275.76666666666665,4326,12599,974.2622,586.41113,974.2622,586.41113,0.33454006910324097,0.33454006910324097,1
tuned,2663,car,144.3,419.96666666666664,275.66666666666663,4329,12599,972.83307,591.61334,972.33887,592.7335,0.36866192519664764,0.38718798756599426,2
tuned,2666,car,144.46666666666667,144.53333333333333,0.06666666666666288,4334,4336,970.2903,598.0636,970.1027,598.88654,0.3265339583158493,0.3922073543071747,2
tuned,2682,keke,146.7,147.26666666666668,0.5666666666666913,4401,4418,1220.6711,598.98474,1203.8772,561.8425,0.806869015974157,0.8730373382568359,17
tuned,2704,car,170.7,171.23333333333332,0.5333333333333314,5121,5137,579.1238,560.9209,495.0867,599.339,0.9066542908549309,0.9173805713653564,16
tuned,2731,car,157.9,158.63333333333333,0.7333333333333201,4737,4759,682.6373,562.19586,583.29486,599.4967,0.7976079420609907,0.8875672221183777,22
tuned,2762,car,150.7,151.63333333333333,0.9333333333333371,4521,4549,1230.761,596.54016,1209.051,560.3995,0.7325783148407936,0.838897705078125,28
tuned,2797,car,150.43333333333334,150.5,0.06666666666666288,4513,4515,1237.3204,560.4757,1235.6267,560.0543,0.4965870976448059,0.5760065913200378,2
tuned,2852,car,158.46666666666667,158.93333333333334,0.46666666666666856,4754,4768,855.67487,560.0066,831.47656,597.62415,0.5632316447221316,0.7591633796691895,13
tuned,2860,truck,152.16666666666666,419.96666666666664,267.79999999999995,4565,12599,778.26245,574.2008,778.26245,574.2008,0.41140779852867126,0.41140779852867126,1
tuned,2888,car,165.5,165.93333333333334,0.4333333333333371,4965,4978,864.5188,561.22577,842.75635,598.68024,0.8793051472077003,0.8900796175003052,13
tuned,2923,truck,158.96666666666667,159.43333333333334,0.46666666666666856,4769,4783,915.14417,561.7895,896.7075,599.0879,0.48537700303963255,0.6418864130973816,14
tuned,2947,car,161.0,161.36666666666667,0.36666666666667425,4830,4841,738.7445,562.72015,708.5769,596.1679,0.4573530365120281,0.772685706615448,11
tuned,2997,car,162.9,163.4,0.5,4887,4902,624.14594,562.3075,535.01086,599.09045,0.7986385742823283,0.8659244179725647,15
tuned,3040,car,159.16666666666666,159.53333333333333,0.36666666666667425,4775,4786,1245.1593,596.7931,1242.6199,562.21875,0.5651891014792703,0.7815153002738953,11
tuned,3044,car,175.66666666666666,176.4,0.7333333333333485,5270,5292,487.952,560.7876,412.34485,598.82556,0.8773991438475522,0.926061749458313,22
tuned,3046,keke,159.16666666666666,419.96666666666664,260.79999999999995,4775,12599,907.16693,578.8888,906.001,582.27246,0.3364546000957489,0.3759583830833435,2
tuned,3050,truck,164.93333333333334,165.36666666666667,0.4333333333333371,4948,4961,761.1007,562.95764,727.0697,599.78406,0.7045128758137043,0.7968190312385559,13
tuned,3066,car,163.66666666666666,164.06666666666666,0.4000000000000057,4910,4922,590.74335,563.7316,524.39136,596.6482,0.824931318561236,0.8798454999923706,12
tuned,3086,car,161.3,161.73333333333332,0.4333333333333087,4839,4852,1247.9891,598.2168,1238.6042,562.03357,0.40215621211312036,0.5529966354370117,11
tuned,3174,car,165.76666666666668,166.16666666666666,0.39999999999997726,4973,4985,621.46265,560.7979,529.1874,599.8025,0.4116452011195096,0.5877522230148315,11
tuned,3187,car,167.66666666666666,168.03333333333333,0.36666666666667425,5030,5041,872.9341,563.47516,855.30786,597.84265,0.6147382936694405,0.7246947288513184,11
tuned,3189,car,167.13333333333333,167.53333333333333,0.4000000000000057,5014,5026,784.62964,561.25824,752.9075,597.2096,0.7045202255249023,0.822020411491394,12
tuned,3210,car,164.43333333333334,164.86666666666667,0.4333333333333371,4933,4946,1153.0498,598.8163,1140.3799,560.3015,0.8758207376186664,0.8900092840194702,13
tuned,3226,car,177.23333333333332,177.8,0.5666666666666913,5317,5334,645.4519,560.2047,571.7289,599.48004,0.8967098418404075,0.9103963971138,17
tuned,3271,car,169.36666666666667,169.73333333333332,0.3666666666666458,5081,5092,827.04614,561.74457,811.1523,596.2718,0.6223593814806505,0.8028906583786011,11
tuned,3290,keke,165.1,419.96666666666664,254.86666666666665,4953,12599,747.5408,579.02057,745.63727,580.3107,0.4118260443210602,0.4643772840499878,2
tuned,3296,car,178.1,178.5,0.4000000000000057,5343,5355,862.08405,561.02625,851.30237,599.2096,0.886392409602801,0.8966778516769409,12
tuned,3321,car,167.13333333333333,167.6,0.46666666666666856,5014,5028,1204.0288,597.7549,1188.0527,560.94104,0.871936001947948,0.8908686637878418,14
tuned,3323,car,170.93333333333334,171.33333333333334,0.4000000000000057,5128,5140,821.6032,560.0072,802.36584,596.7293,0.6201384961605072,0.7573155164718628,12
tuned,3329,car,166.1,166.16666666666666,0.06666666666666288,4983,4985,541.00165,595.3064,530.5751,599.69226,0.3702162802219391,0.3740251660346985,2
tuned,3342,truck,168.7,169.1,0.4000000000000057,5061,5073,696.945,561.3926,662.0686,598.864,0.5389085933566093,0.683933675289154,12
tuned,3376,car,168.3,168.56666666666666,0.2666666666666515,5049,5057,1171.2024,598.6242,1152.0759,562.4623,0.7736552581191063,0.8198013305664062,8
tuned,3397,truck,172.6,173.23333333333332,0.6333333333333258,5178,5197,531.9558,561.7533,430.10992,599.85583,0.4785548181910264,0.7810510993003845,19
tuned,3418,car,168.5,168.66666666666666,0.1666666666666572,5055,5060,1254.342,586.3844,1248.0635,563.60645,0.4257195472717285,0.5184873342514038,5
tuned,3445,car,169.53333333333333,419.96666666666664,250.4333333333333,5086,12599,819.4398,577.0773,818.52856,579.956,0.46970294415950775,0.566726803779602,2
tuned,3461,car,178.06666666666666,178.6,0.5333333333333314,5342,5358,702.65405,560.1895,667.41125,598.7268,0.5701450798660517,0.7142938375473022,16
tuned,3470,keke,171.03333333333333,171.36666666666667,0.3333333333333428,5131,5141,1261.7439,594.2224,1251.7645,560.94586,0.46590385437011717,0.6298766732215881,10
tuned,3526,car,173.06666666666666,419.96666666666664,246.89999999999998,5192,12599,455.63715,590.5536,450.03806,591.8137,0.3170100301504135,0.3718942701816559,2
tuned,3575,car,181.06666666666666,181.43333333333334,0.36666666666667425,5432,5443,793.00775,561.7809,770.9282,599.92053,0.7652748768979852,0.8559116125106812,11
tuned,3576,keke,181.4,182.53333333333333,1.1333333333333258,5442,5476,559.52673,560.59326,439.16455,599.41296,0.7083246181992924,0.8706386089324951,34
tuned,3576,keke,188.6,189.16666666666666,0.5666666666666629,5658,5675,388.28162,599.3518,574.1835,561.09985,0.8818327784538269,0.9054717421531677,17
tuned,3576,keke,189.4,189.46666666666667,0.06666666666666288,5682,5684,579.7594,560.31665,579.2357,560.30347,0.8879480361938477,0.8923860192298889,2
tuned,3576,keke,189.53333333333333,192.76666666666668,3.2333333333333485,5686,5783,574.40454,560.1744,466.80298,599.8456,0.8738952518738422,0.909095048904419,97
tuned,3590,car,177.8,178.3,0.5,5334,5349,1225.3196,598.00543,1212.301,561.1492,0.6435559352238973,0.7187979817390442,15
tuned,3595,car,196.06666666666666,196.4,0.3333333333333428,5882,5892,909.9835,561.26404,889.3053,597.1755,0.8886720597743988,0.89544677734375,10
tuned,3598,car,178.8,179.33333333333334,0.5333333333333314,5364,5380,1121.1133,599.9491,1106.4956,560.2457,0.8993843793869019,0.9124016761779785,16
tuned,3608,car,177.73333333333332,419.96666666666664,242.23333333333332,5332,12599,1226.5925,596.68286,1226.1945,599.39734,0.3986521363258362,0.41434332728385925,2
tuned,3611,car,177.86666666666667,419.96666666666664,242.09999999999997,5336,12599,1223.9486,589.0668,1220.8027,577.4165,0.4233277887105942,0.5811477899551392,6
tuned,3615,car,178.13333333333333,419.96666666666664,241.83333333333331,5344,12599,1219.3972,573.18036,1219.3972,573.18036,0.4011272192001343,0.4011272192001343,1
tuned,3616,truck,178.23333333333332,178.3,0.0666666666666913,5347,5349,1215.2375,565.455,1213.4785,562.54565,0.5715270340442657,0.6007680892944336,2
tuned,3618,car,178.36666666666667,178.6,0.23333333333332007,5351,5358,682.16797,582.317,667.5104,597.95386,0.3896927961281368,0.5090572834014893,7
tuned,3619,bicycle,178.5,179.1,0.5999999999999943,5355,5373,504.07193,561.26,482.20184,599.4287,0.4446027716000875,0.5919423699378967,15
tuned,3625,keke,185.16666666666666,185.56666666666666,0.4000000000000057,5555,5567,688.4374,561.84735,659.73474,598.77893,0.7015259712934494,0.8631359934806824,12
tuned,3681,car,181.16666666666666,419.96666666666664,238.79999999999998,5435,12599,786.8186,572.6271,784.5855,577.0194,0.352895125746727,0.40386590361595154,2
tuned,3694,keke,181.76666666666668,182.0,0.23333333333332007,5453,5460,1264.7056,584.39355,1256.3933,561.10016,0.4591101961476462,0.6034243702888489,7
tuned,3702,keke,182.63333333333333,183.0,0.36666666666667425,5479,5490,1240.9705,597.04114,1230.0989,562.7648,0.6619190898808566,0.8108145594596863,11
tuned,3714,keke,190.73333333333332,191.13333333333333,0.4000000000000057,5722,5734,857.0919,560.23535,837.13855,598.9075,0.8675597260395685,0.9049417972564697,12
tuned,3730,keke,184.46666666666667,184.86666666666667,0.4000000000000057,5534,5546,1272.7847,599.38135,1259.9535,562.214,0.5403440271814665,0.7236614227294922,12
tuned,3772,keke,187.7,187.93333333333334,0.2333333333333485,5631,5638,1253.936,597.6704,1247.0156,564.4118,0.608292647770473,0.6833561658859253,7
tuned,3777,keke,214.0,214.73333333333332,0.7333333333333201,6420,6442,500.25592,560.63513,391.20258,598.2466,0.8502406505021182,0.8874032497406006,22
tuned,3811,bus,213.5,213.9,0.4000000000000057,6405,6417,716.61804,561.14307,682.35266,597.71185,0.6005701944231987,0.8528891801834106,12
tuned,3814,keke,198.63333333333333,199.03333333333333,0.4000000000000057,5959,5971,685.1383,561.93774,625.2127,599.23035,0.8810582607984543,0.9002553224563599,12
tuned,3817,car,196.86666666666667,197.16666666666666,0.29999999999998295,5906,5915,702.17725,562.9784,640.7983,598.8426,0.9056290785471598,0.9117160439491272,9
tuned,3838,car,198.93333333333334,199.36666666666667,0.4333333333333371,5968,5981,848.5199,561.4738,815.323,598.178,0.791092533331651,0.852354884147644,13
tuned,3848,car,200.53333333333333,201.0,0.46666666666666856,6016,6030,895.424,560.7248,872.2439,599.3462,0.5654511643307549,0.7332254648208618,14
tuned,3863,car,201.9,202.4,0.5,6057,6072,818.9989,561.1649,789.3917,598.2914,0.5098868628342946,0.6625920534133911,15
tuned,4050,car,202.5,203.0,0.5,6075,6090,832.12585,561.9585,806.1267,598.00415,0.4421418479510716,0.6150041222572327,14
tuned,4066,car,204.33333333333334,204.76666666666668,0.4333333333333371,6130,6143,693.2924,561.96533,622.98315,598.9121,0.5857214515025799,0.8087376952171326,13
tuned,4076,car,203.06666666666666,203.36666666666667,0.30000000000001137,6092,6101,707.8335,565.12756,659.92804,597.5381,0.7091094917721219,0.8596438765525818,9
tuned,4085,car,205.53333333333333,205.96666666666667,0.4333333333333371,6166,6179,880.3616,566.0236,864.22,598.0303,0.6653990837243887,0.8426780700683594,13
tuned,4090,bus,200.83333333333334,419.96666666666664,219.1333333333333,6025,12599,879.04517,585.45135,879.04517,585.45135,0.38126569986343384,0.38126569986343384,1
tuned,4093,car,202.73333333333332,203.23333333333332,0.5,6082,6097,1217.9409,598.0267,1199.751,561.52905,0.8746602614720662,0.8922560811042786,15
tuned,4153,truck,204.86666666666667,205.3,0.4333333333333371,6146,6159,812.41425,560.7017,786.9387,598.56775,0.5313895667592684,0.8651493191719055,12
tuned,4221,keke,204.36666666666667,419.96666666666664,215.59999999999997,6131,12599,688.6444,564.58826,688.6444,564.58826,0.3442802131175995,0.3442802131175995,1
tuned,4231,truck,204.86666666666667,419.96666666666664,215.09999999999997,6146,12599,812.36664,560.22375,812.36664,560.22375,0.30927395820617676,0.30927395820617676,1
tuned,4242,keke,205.66666666666666,206.13333333333333,0.46666666666666856,6170,6184,1266.3281,599.75854,1255.0435,562.557,0.439678566796439,0.7039916515350342,14
tuned,4272,car,206.03333333333333,419.96666666666664,213.9333333333333,6181,12599,1256.9048,569.4797,1256.9048,569.4797,0.4645979106426239,0.4645979106426239,1
tuned,4281,bicycle,206.2,207.36666666666667,1.1666666666666856,6186,6221,653.20734,577.275,617.6362,597.87506,0.45300165395582875,0.6247358918190002,31
tuned,4309,car,215.6,215.93333333333334,0.3333333333333428,6468,6478,634.78107,563.18536,614.89294,597.91284,0.6989020586013794,0.7817786931991577,10
tuned,4310,car,208.26666666666668,208.56666666666666,0.29999999999998295,6248,6257,1238.6824,595.6898,1235.1875,560.74927,0.6997987627983093,0.772969126701355,9
tuned,4373,car,214.46666666666667,214.86666666666667,0.4000000000000057,6434,6446,766.61505,562.1411,731.26965,598.0421,0.8659650733073553,0.8955783843994141,12
tuned,4377,keke,219.86666666666667,220.13333333333333,0.2666666666666515,6596,6604,611.02747,563.474,581.75995,598.36847,0.9073678702116013,0.9146872758865356,8
tuned,4390,car,213.5,213.9,0.4000000000000057,6405,6417,716.84937,561.1104,682.37524,597.4473,0.6357512523730596,0.8562976717948914,12
tuned,4411,keke,213.93333333333334,214.16666666666666,0.23333333333332007,6418,6425,1268.4172,593.0027,1257.5046,564.2103,0.5318200205053601,0.6444095969200134,7
tuned,4450,keke,215.93333333333334,216.2,0.2666666666666515,6478,6486,1250.3545,598.6347,1245.0386,563.0499,0.7955626770853996,0.8614335656166077,8
tuned,4461,car,215.66666666666666,419.96666666666664,204.29999999999998,6470,12599,631.3292,569.55237,628.76,572.6762,0.45224711298942566,0.49982571601867676,2
tuned,4464,car,215.83333333333334,215.93333333333334,0.09999999999999432,6475,6478,619.84235,588.60535,615.24194,597.05835,0.5501666367053986,0.6449682712554932,3
tuned,4491,keke,223.86666666666667,224.16666666666666,0.29999999999998295,6716,6725,741.09644,564.1873,721.1946,599.145,0.6419434878561232,0.7637702226638794,9
tuned,4510,keke,225.03333333333333,225.36666666666667,0.3333333333333428,6751,6761,625.14703,561.6829,597.3237,599.02124,0.8947508692741394,0.9194462895393372,10
tuned,4598,keke,222.73333333333332,222.9,0.16666666666668561,6682,6687,1273.2129,578.10126,1265.656,563.3422,0.6771674275398254,0.7848427295684814,5
tuned,4624,keke,223.86666666666667,419.96666666666664,196.09999999999997,6716,12599,741.7632,563.4772,733.77954,575.68555,0.39138663560152054,0.509900689125061,4
tuned,4710,car,243.03333333333333,243.56666666666666,0.5333333333333314,7291,7307,622.84875,560.43567,588.18945,598.0238,0.8972261995077133,0.9029172658920288,16
tuned,4772,car,249.76666666666668,250.33333333333334,0.5666666666666629,7493,7510,749.5873,560.75305,729.68945,599.2696,0.8775306484278511,0.8854515552520752,17
tuned,4782,bus,239.16666666666666,239.6,0.4333333333333371,7175,7188,716.55817,560.79175,696.2709,596.81555,0.8015376971318171,0.8695959448814392,13
tuned,4787,truck,239.16666666666666,239.53333333333333,0.36666666666667425,7175,7186,566.0272,560.41595,538.3326,597.166,0.5982851088047028,0.7906934022903442,11
tuned,4817,car,261.8,264.43333333333334,2.6333333333333258,7854,7933,1250.7776,561.678,1249.6079,560.30853,0.53227584573287,0.6298346519470215,79
tuned,4817,car,267.26666666666665,268.23333333333335,0.966666666666697,8018,8047,1241.3689,560.8676,1239.184,561.7202,0.610068810397181,0.6718897223472595,29
tuned,4817,car,268.96666666666664,269.1333333333333,0.16666666666668561,8069,8074,1241.5051,564.25244,1242.8298,582.0365,0.28236813843250275,0.3023669421672821,2
tuned,4817,car,277.8666666666667,285.2,7.333333333333314,8336,8556,1182.8478,598.1134,1194.7454,560.94995,0.5007140204381715,0.7370846271514893,209
tuned,4853,car,246.16666666666666,246.7,0.5333333333333314,7385,7401,738.41797,560.26556,726.1373,599.0862,0.8809019066393375,0.8870854377746582,16
tuned,4889,truck,239.96666666666667,240.06666666666666,0.09999999999999432,7199,7202,678.7027,563.9686,676.0478,568.08716,0.2824671268463135,0.2947155237197876,2
tuned,4889,truck,240.1,240.23333333333332,0.13333333333332575,7203,7207,669.88257,582.52747,666.15466,580.8939,0.53778604666392,0.6806315183639526,3
tuned,4889,truck,240.26666666666668,240.8,0.5333333333333314,7208,7224,660.4681,594.4646,633.7649,598.46857,0.4003561849777515,0.5613743662834167,13
tuned,4892,keke,234.66666666666666,235.13333333333333,0.46666666666666856,7040,7054,1255.3279,598.93744,1236.2346,562.11053,0.6770169628517968,0.868537962436676,14
tuned,4972,keke,239.7,240.4,0.700000000000017,7191,7212,1242.9873,599.7859,1207.9907,560.7977,0.5835314303636551,0.8996984958648682,20
tuned,5007,truck,254.83333333333334,255.96666666666667,1.1333333333333258,7645,7679,537.11066,560.5364,482.6858,599.34766,0.6867562026688547,0.8783735632896423,33
tuned,5054,car,248.2,248.56666666666666,0.36666666666667425,7446,7457,610.81555,562.59753,569.29346,595.94354,0.5768822594122454,0.7291069030761719,11
tuned,5060,car,243.83333333333334,244.53333333333333,0.6999999999999886,7315,7336,1232.5951,599.2489,1191.7937,560.1368,0.412819641828537,0.6096217632293701,20
tuned,5072,motorcycle,244.2,244.66666666666666,0.46666666666666856,7326,7340,1108.526,597.5263,1099.9403,562.2832,0.3691515395274529,0.4488150477409363,13
tuned,5086,truck,253.26666666666668,253.9,0.6333333333333258,7598,7617,688.1365,560.89056,671.76483,598.0713,0.7852062081035814,0.8565461039543152,19
tuned,5095,car,243.96666666666667,419.96666666666664,175.99999999999997,7319,12599,1223.6154,591.4635,1223.6154,591.4635,0.3411068022251129,0.3411068022251129,1
tuned,5105,truck,250.9,251.4,0.5,7527,7542,604.75336,561.2097,551.4016,598.0122,0.4226123946053641,0.5897634625434875,14
tuned,5116,car,259.73333333333335,260.26666666666665,0.533333333333303,7792,7808,792.1644,560.90686,782.2129,599.3463,0.8776581734418869,0.8882563710212708,16
tuned,5154,car,248.63333333333333,249.13333333333333,0.5,7459,7474,1152.6255,599.55396,1117.6765,562.19696,0.6051094730695089,0.7971928715705872,15
tuned,5162,car,269.26666666666665,269.46666666666664,0.19999999999998863,8078,8084,1204.142,566.21924,1201.628,597.5964,0.5094595104455948,0.5832846760749817,6
tuned,5162,car,277.6,277.8,0.19999999999998863,8328,8334,1134.6501,597.5414,1134.8608,561.7362,0.5924590528011322,0.6630417704582214,6
tuned,5164,car,248.4,249.13333333333333,0.7333333333333201,7452,7474,1243.1902,598.4617,1204.913,561.08075,0.7267056486823342,0.8059008121490479,22
tuned,5185,truck,248.66666666666666,419.96666666666664,171.29999999999998,7460,12599,1150.5557,597.38184,1147.9294,594.81647,0.5278650373220444,0.6285355091094971,2
tuned,5250,car,252.16666666666666,252.86666666666667,0.700000000000017,7565,7586,1104.3699,599.488,1073.0262,560.3644,0.4789567249161856,0.7940636873245239,21
tuned,5267,truck,258.73333333333335,259.5,0.7666666666666515,7762,7785,611.3345,560.9644,583.90643,598.85944,0.712832396445067,0.8361238241195679,23
tuned,5271,car,251.7,419.96666666666664,168.26666666666665,7551,12599,1251.2994,582.79846,1248.8982,570.92926,0.4505608890737806,0.5181071162223816,7
tuned,5291,keke,252.43333333333334,253.46666666666667,1.0333333333333314,7573,7604,1231.2896,598.99384,1176.8523,560.5548,0.5722018624174183,0.7897603511810303,29
tuned,5294,keke,252.26666666666668,419.96666666666664,167.69999999999996,7568,12599,1099.3867,593.55066,1097.3638,591.95166,0.3975789248943329,0.424954891204834,2
tuned,5301,keke,252.66666666666666,419.96666666666664,167.29999999999998,7580,12599,1080.0413,569.69226,1074.8995,561.5878,0.3793897807598114,0.5713058114051819,5
tuned,5314,car,259.4,259.8333333333333,0.4333333333333371,7782,7795,698.45984,560.3655,691.1841,598.5842,0.41259496028606707,0.5511398911476135,13
tuned,5328,truck,262.2,262.76666666666665,0.5666666666666629,7866,7883,729.6127,560.38245,710.6438,598.55237,0.610717336921131,0.7684950828552246,17
tuned,5334,bus,257.93333333333334,258.93333333333334,1.0,7738,7768,1195.6853,599.7597,1155.9556,560.6326,0.5785164535045624,0.782963752746582,30
tuned,5344,truck,255.83333333333334,419.96666666666664,164.1333333333333,7675,12599,487.54037,596.5792,487.54037,596.5792,0.31809717416763306,0.31809717416763306,1
tuned,5382,truck,265.2,265.7,0.5,7956,7971,714.10693,560.94324,688.08734,597.4459,0.42938636030469624,0.6777273416519165,14
tuned,5427,car,267.06666666666666,267.73333333333335,0.6666666666666856,8012,8032,540.27454,562.7184,507.69592,599.06226,0.734908153116703,0.888404905796051,20
tuned,5427,car,268.2,268.9,0.6999999999999886,8046,8067,485.64154,598.8959,469.6678,599.80804,0.7959311718032474,0.867475152015686,21
tuned,5442,car,262.23333333333335,262.8666666666667,0.6333333333333258,7867,7886,1049.7977,598.92664,1026.7007,560.40533,0.5617182411645588,0.8182315230369568,19
tuned,5455,car,262.3333333333333,263.6,1.2666666666667084,7870,7908,1189.2968,598.6443,1133.4984,560.3004,0.5569479583125365,0.7175949215888977,38
tuned,5486,keke,267.6666666666667,268.73333333333335,1.0666666666666629,8030,8062,686.5719,562.1034,642.55493,595.13885,0.7993815764784813,0.8620703816413879,32
tuned,5506,car,262.76666666666665,262.8666666666667,0.10000000000002274,7883,7886,1028.4241,565.34924,1027.021,560.81647,0.35248612364133197,0.41508749127388,3
tuned,5547,keke,265.7,268.0,2.3000000000000114,7971,8040,1238.4377,598.6144,1134.7937,560.2001,0.4687954475645159,0.7115577459335327,61
tuned,5547,keke,269.2,269.43333333333334,0.2333333333333485,8076,8083,1107.002,563.5238,1103.105,596.40594,0.6167352795600891,0.7490569353103638,7
tuned,5547,keke,270.56666666666666,272.06666666666666,1.5,8117,8162,1077.491,599.27155,1050.0493,560.6406,0.7459745460086399,0.7904086709022522,45
tuned,5572,car,280.3333333333333,280.9,0.5666666666666629,8410,8427,710.2092,560.296,693.9452,598.4409,0.8691851146080914,0.8818057775497437,17
tuned,5594,keke,271.76666666666665,273.06666666666666,1.3000000000000114,8153,8192,663.62964,560.3562,623.9262,598.8992,0.6083700209856033,0.7832049131393433,38
tuned,5623,car,272.1666666666667,273.1,0.9333333333333371,8165,8193,982.4376,598.9432,952.2616,560.34204,0.7341248669794628,0.8196665048599243,28
tuned,5646,bus,268.6,419.96666666666664,151.36666666666662,8058,12599,646.0287,581.29895,646.0287,581.29895,0.35671383142471313,0.35671383142471313,1
tuned,5672,car,290.2,290.76666666666665,0.5666666666666629,8706,8723,694.86975,561.641,676.4557,598.50244,0.8589040286400739,0.8716517090797424,17
tuned,5699,car,273.8666666666667,274.93333333333334,1.0666666666666629,8216,8248,933.35815,598.7772,918.20715,560.15173,0.8523288201540709,0.866942822933197,32
tuned,5706,car,282.46666666666664,283.06666666666666,0.6000000000000227,8474,8492,631.5791,560.54974,617.64716,599.7883,0.5370080702834659,0.769182562828064,18
tuned,5787,car,284.96666666666664,285.7,0.7333333333333485,8549,8571,660.18835,560.7317,614.2717,599.10913,0.7045502486554059,0.8535886406898499,22
tuned,5813,car,281.6333333333333,283.3333333333333,1.6999999999999886,8449,8500,1115.7004,599.8467,1063.2996,561.2971,0.36112598606518337,0.5708998441696167,35
tuned,5822,truck,277.96666666666664,419.96666666666664,142.0,8339,12599,1181.7239,586.77637,1181.7239,586.77637,0.3687477111816406,0.3687477111816406,1
tuned,5830,truck,278.26666666666665,419.96666666666664,141.7,8348,12599,1178.8667,573.92316,1178.8667,573.92316,0.3070223927497864,0.3070223927497864,1
tuned,5833,car,280.1666666666667,280.73333333333335,0.5666666666666629,8405,8422,1007.1398,599.5543,988.5917,560.1073,0.8737364902215845,0.88712078332901,17
tuned,5839,car,281.9,282.53333333333336,0.6333333333333826,8457,8476,971.77747,599.7981,962.3374,561.9835,0.410521841362903,0.6672781109809875,19
tuned,5868,truck,292.3666666666667,292.93333333333334,0.5666666666666629,8771,8788,690.97205,560.74695,675.79047,598.30365,0.5469998229633678,0.7247709631919861,11
tuned,5885,car,285.93333333333334,286.4,0.46666666666664014,8578,8592,1056.613,596.9658,1028.1818,561.111,0.5003345736435482,0.6877383589744568,14
tuned,5886,truck,284.43333333333334,419.96666666666664,135.5333333333333,8533,12599,1189.1079,566.60645,1188.9098,566.1371,0.37541359663009644,0.41000768542289734,3
tuned,5893,truck,295.03333333333336,295.56666666666666,0.533333333333303,8851,8867,692.2957,561.6145,678.1841,598.62415,0.5319009125232697,0.7235960364341736,15
tuned,5913,car,287.06666666666666,287.53333333333336,0.466666666666697,8612,8626,980.6665,596.73816,963.32465,561.275,0.8854488049234662,0.8976594805717468,14
tuned,5914,car,285.93333333333334,419.96666666666664,134.0333333333333,8578,12599,1057.0227,597.8137,1052.1333,592.01483,0.35029083490371704,0.4318937361240387,3
tuned,5972,bicycle,288.2,419.96666666666664,131.76666666666665,8646,12599,1151.0652,598.09436,1142.0632,589.75714,0.3524275541305542,0.42123720049858093,5
tuned,5985,car,293.96666666666664,299.6666666666667,5.7000000000000455,8819,8990,1219.8986,560.567,1229.7056,599.73315,0.6163023147318099,0.7287309765815735,171
tuned,5990,car,289.43333333333334,290.06666666666666,0.6333333333333258,8683,8702,1040.9734,599.8048,1016.83264,560.49963,0.8680357682077509,0.8862452507019043,19
tuned,6030,car,292.53333333333336,293.43333333333334,0.8999999999999773,8776,8803,1102.9131,599.4473,1064.7856,560.2794,0.7037922982816343,0.7736998200416565,27
tuned,6035,car,298.6333333333333,299.3,0.6666666666666856,8959,8979,758.94336,561.9238,745.51624,597.8834,0.6945160090923309,0.8026607036590576,20
tuned,6104,car,299.8333333333333,300.4,0.5666666666666629,8995,9012,783.2976,561.1571,773.1754,599.9491,0.3338681583603223,0.45654982328414917,12
tuned,6118,keke,295.3666666666667,419.96666666666664,124.59999999999997,8861,12599,682.72986,584.6471,682.72986,584.6471,0.34749773144721985,0.34749773144721985,1
tuned,6138,truck,300.23333333333335,300.6333333333333,0.39999999999997726,9007,9019,624.98206,572.92456,612.64136,593.82166,0.3205681324005127,0.44069090485572815,5
tuned,6151,keke,298.46666666666664,299.43333333333334,0.966666666666697,8954,8983,1068.9861,596.5233,1037.2087,560.5344,0.48626844814190495,0.7232428193092346,26
tuned,6182,car,301.26666666666665,301.96666666666664,0.6999999999999886,9038,9059,714.30695,560.9845,696.541,598.2683,0.36963006215436117,0.5112964510917664,14
tuned,6185,car,302.06666666666666,302.8,0.7333333333333485,9062,9084,696.9435,561.0896,669.24603,598.2218,0.510895524919033,0.6576013565063477,20
tuned,6186,car,321.93333333333334,322.73333333333335,0.8000000000000114,9658,9682,1115.8257,560.53467,1115.2234,561.47626,0.41859893176866614,0.5700410604476929,23
tuned,6230,car,305.3333333333333,306.3,0.966666666666697,9160,9189,785.2185,560.7208,770.81036,599.58527,0.6288277424615005,0.7378903031349182,29
tuned,6246,car,320.6666666666667,320.76666666666665,0.0999999999999659,9620,9623,566.39185,561.21265,563.6633,564.42065,0.4197230339050293,0.49911263585090637,3
tuned,6246,car,320.8,321.26666666666665,0.46666666666664014,9624,9638,559.6549,564.23474,542.70984,596.3277,0.3514963487784068,0.384459525346756,9
tuned,6248,car,301.6333333333333,419.96666666666664,118.33333333333331,9049,12599,1210.7661,564.2971,1210.3748,564.08844,0.39013490080833435,0.420756459236145,3
tuned,6269,car,306.73333333333335,307.6666666666667,0.9333333333333371,9202,9230,761.9815,560.6001,742.20483,599.59174,0.5603483840823174,0.7158860564231873,28
tuned,6281,car,309.1,310.3,1.1999999999999886,9273,9309,768.8901,560.492,742.3977,599.1546,0.6715938134325875,0.7923552393913269,36
tuned,6305,car,305.76666666666665,306.7,0.9333333333333371,9173,9201,821.4704,560.767,814.156,597.93286,0.4716184580767596,0.6688578724861145,27
tuned,6321,car,307.5,308.56666666666666,1.0666666666666629,9225,9257,721.05225,560.1544,688.3183,599.72864,0.5475611640140414,0.7824854850769043,32
tuned,6323,car,308.96666666666664,310.8666666666667,1.900000000000034,9269,9326,1027.7083,599.70374,1007.4535,560.416,0.5470706245355439,0.6689850091934204,57
tuned,6341,car,308.6666666666667,309.6666666666667,1.0,9260,9290,707.6247,567.40393,691.6438,597.76917,0.383265088001887,0.5698318481445312,24
tuned,6366,truck,305.8666666666667,419.96666666666664,114.09999999999997,9176,12599,777.5788,582.7046,777.5788,582.7046,0.36970192193984985,0.36970192193984985,1
tuned,6377,car,306.1666666666667,306.3,0.13333333333332575,9185,9189,771.70135,594.62854,770.6394,599.16614,0.4373498633503914,0.5618295073509216,4
tuned,6381,truck,306.23333333333335,419.96666666666664,113.73333333333329,9187,12599,819.15393,580.5122,818.5526,582.3605,0.3573950131734212,0.4007580280303955,3
tuned,6408,car,316.6,317.2,0.5999999999999659,9498,9516,686.6507,560.8534,659.4438,599.74304,0.7752752502759298,0.8442804217338562,18
tuned,6439,car,308.03333333333336,419.96666666666664,111.93333333333328,9241,12599,704.3937,579.5895,701.1656,583.475,0.3165855258703232,0.3440499007701874,4
tuned,6442,car,311.1333333333333,312.06666666666666,0.9333333333333371,9334,9362,950.90564,599.568,938.04285,563.24805,0.8600976552282061,0.8699818849563599,28
tuned,6449,truck,308.23333333333335,419.96666666666664,111.73333333333329,9247,12599,698.0912,587.1891,697.2068,588.4685,0.45238056778907776,0.46801596879959106,2
tuned,6457,car,309.76666666666665,311.0,1.2333333333333485,9293,9330,781.5256,560.8473,773.5366,593.42664,0.5796597312236654,0.651582658290863,29
tuned,6467,truck,309.0,419.96666666666664,110.96666666666664,9270,12599,701.5242,577.85486,701.5242,577.85486,0.34027910232543945,0.34027910232543945,1
tuned,6481,bicycle,312.8,313.2,0.39999999999997726,9384,9396,1111.4268,597.0867,1109.8198,561.4265,0.3244882987605201,0.36436817049980164,9
tuned,6522,car,313.1,313.3,0.19999999999998863,9393,9399,970.6559,596.6041,967.682,564.82983,0.8512929479281107,0.8617612719535828,6
tuned,6526,truck,313.1333333333333,315.9,2.7666666666666515,9394,9477,1225.2759,597.0166,1206.8824,561.38,0.5954507069154219,0.7611827850341797,55
tuned,6526,truck,316.73333333333335,316.9,0.16666666666662877,9502,9507,1205.3285,560.9614,1204.2128,560.3082,0.5004004597663879,0.5412011742591858,5
tuned,6526,truck,316.93333333333334,316.96666666666664,0.03333333333330302,9508,9509,1204.7493,560.11914,1204.7493,560.11914,0.40889251232147217,0.40889251232147217,1
tuned,6526,truck,317.3,317.3333333333333,0.03333333333330302,9519,9520,1197.5972,560.0524,1197.5972,560.0524,0.3658386766910553,0.3658386766910553,1
tuned,6526,truck,317.6,317.6333333333333,0.03333333333330302,9528,9529,1195.9067,560.02356,1195.9067,560.02356,0.6219161748886108,0.6219161748886108,1
tuned,6526,truck,317.8666666666667,321.3333333333333,3.46666666666664,9536,9640,1194.1812,560.8325,1188.5083,599.47534,0.40007068474705404,0.5991455316543579,104
tuned,6545,car,319.46666666666664,319.93333333333334,0.466666666666697,9584,9598,645.6054,568.7023,630.49506,597.88135,0.34394801325268215,0.46630537509918213,9
tuned,6554,car,321.5,321.6666666666667,0.16666666666668561,9645,9650,709.9057,562.1405,705.0221,597.7645,0.629564642906189,0.6892476081848145,5
tuned,6567,car,320.3666666666667,321.0,0.6333333333333258,9611,9630,727.93335,561.0802,711.2422,599.23755,0.6277836819489797,0.8266346454620361,15
tuned,6588,car,321.3,321.46666666666664,0.16666666666662877,9639,9644,685.1909,564.15784,681.61,593.51074,0.5230523884296417,0.6335340738296509,5
tuned,6590,car,331.3,332.0,0.6999999999999886,9939,9960,691.2558,560.25256,675.51794,598.2388,0.870088449546269,0.8788114786148071,21
tuned,6606,bus,317.7,419.96666666666664,102.26666666666665,9531,12599,1255.0873,565.8954,1253.3502,571.50684,0.38886313885450363,0.5796367526054382,16
tuned,6609,truck,317.8333333333333,419.96666666666664,102.13333333333333,9535,12599,1195.1284,560.9306,1195.1284,560.9306,0.3376352787017822,0.3376352787017822,1
tuned,6620,car,320.46666666666664,321.5,1.0333333333333599,9614,9645,1011.85004,599.9851,985.1998,599.73627,0.44936158259709674,0.676085889339447,30
tuned,6620,car,322.8333333333333,323.3333333333333,0.5,9685,9700,962.4046,599.7095,956.6488,560.80316,0.3625485723217328,0.5609360337257385,12
tuned,6631,car,321.6,321.8333333333333,0.23333333333329165,9648,9655,680.5061,565.49097,676.5519,597.4413,0.39007889727751416,0.43558377027511597,6
tuned,6689,car,320.76666666666665,419.96666666666664,99.19999999999999,9623,12599,1002.7449,587.20215,1001.95667,585.7196,0.3312182277441025,0.3340897262096405,2
tuned,6699,car,320.9,419.96666666666664,99.06666666666666,9627,12599,999.1863,580.2467,996.7887,575.8196,0.4082384705543518,0.4538416862487793,4
tuned,6701,car,321.9,323.6666666666667,1.7666666666667084,9657,9710,733.5581,560.2659,721.9757,560.235,0.3546759635210037,0.5255711674690247,26
tuned,6701,car,324.8,325.73333333333335,0.9333333333333371,9744,9772,715.6894,560.0924,704.5277,598.5918,0.5728670427432427,0.7503400444984436,26
tuned,6704,car,328.6333333333333,329.26666666666665,0.6333333333333258,9859,9878,706.8972,560.07764,689.1042,595.9661,0.4437015266979442,0.5667521357536316,17
tuned,6715,bicycle,321.56666666666666,321.8666666666667,0.30000000000001137,9647,9656,1076.102,563.46545,1078.2681,599.6802,0.3315369114279747,0.45059335231781006,8
tuned,6715,bicycle,322.7,323.2,0.5,9681,9696,1078.7506,597.8634,1074.7008,561.02,0.3639967685396021,0.47494199872016907,11
tuned,6749,car,329.53333333333336,330.43333333333334,0.8999999999999773,9886,9913,640.46826,560.9462,631.42676,598.51636,0.5687416328324212,0.704410970211029,27
tuned,6766,car,324.6666666666667,331.96666666666664,7.2999999999999545,9740,9959,1195.9618,597.8373,1210.9681,561.61145,0.3680798533540335,0.5013806819915771,161
tuned,6767,car,326.53333333333336,327.3333333333333,0.7999999999999545,9796,9820,447.81802,597.9042,445.28918,599.63635,0.32255401611328127,0.3955110013484955,10
tuned,6819,truck,324.8333333333333,419.96666666666664,95.13333333333333,9745,12599,1196.6489,595.2019,1195.971,594.1221,0.3015558421611786,0.3095467984676361,4
tuned,6823,car,326.93333333333334,327.7,0.7666666666666515,9808,9831,1086.8992,599.19324,1059.655,561.2025,0.6126603095427804,0.7632439136505127,23
tuned,6825,truck,325.06666666666666,419.96666666666664,94.89999999999998,9752,12599,1256.738,594.56964,1257.1895,576.7177,0.3035228645259684,0.3938131630420685,22
tuned,6833,bicycle,325.1666666666667,325.26666666666665,0.0999999999999659,9755,9758,1050.423,562.692,1049.8323,560.676,0.3372512658437093,0.3514825701713562,3
tuned,6834,car,333.43333333333334,333.96666666666664,0.533333333333303,10003,10019,657.2173,562.1918,637.66486,597.0023,0.4819968367616336,0.6904025673866272,12
tuned,6844,bicycle,326.43333333333334,419.96666666666664,93.5333333333333,9793,12599,562.51373,591.6199,568.31934,595.9789,0.41685381159186363,0.46884071826934814,8
tuned,6848,car,326.53333333333336,419.96666666666664,93.43333333333328,9796,12599,1201.2568,570.51,1201.1436,570.2046,0.3350474774837494,0.3725757598876953,5
tuned,6867,car,330.96666666666664,332.1,1.1333333333333826,9929,9963,1134.7307,599.2731,1084.4799,560.7062,0.5417899489402771,0.6921242475509644,34
tuned,6877,car,339.26666666666665,339.8333333333333,0.5666666666666629,10178,10195,747.916,560.57837,737.5796,596.4022,0.7433470242163714,0.8003758192062378,17
tuned,6904,truck,328.93333333333334,419.96666666666664,91.0333333333333,9868,12599,1203.9055,561.3301,1204.6086,561.9104,0.33899256587028503,0.3900907337665558,5
tuned,6906,truck,328.96666666666664,419.96666666666664,91.0,9869,12599,1260.3832,569.71814,1260.547,568.21484,0.31336383521556854,0.3165495693683624,2
tuned,6935,truck,336.03333333333336,336.6333333333333,0.5999999999999659,10081,10099,623.0576,562.0923,598.31226,598.04333,0.8702368868721856,0.8922610878944397,18
tuned,6954,car,334.0,334.8666666666667,0.8666666666666742,10020,10046,1089.3529,599.1412,1053.7258,560.511,0.3940601968765259,0.6669899225234985,25
tuned,6957,truck,332.2,333.1,0.9000000000000341,9966,9993,1211.7797,564.3437,1212.8884,560.5456,0.3078697356912825,0.403901606798172,9
tuned,6957,truck,333.3,333.3333333333333,0.03333333333330302,9999,10000,1212.795,560.02423,1212.795,560.02423,0.5009450912475586,0.5009450912475586,1
tuned,6957,truck,333.4,333.46666666666664,0.06666666666666288,10002,10004,1213.0933,560.38,1213.3623,560.2734,0.5002492964267731,0.5181540250778198,2
tuned,6957,truck,333.5,344.06666666666666,10.566666666666663,10005,10322,1213.594,560.10016,1225.7693,599.7186,0.5592823778906613,0.79273921251297,282
tuned,6958,car,344.5,345.1333333333333,0.6333333333333258,10335,10354,726.92737,560.27185,710.32697,598.60785,0.8383362512839468,0.8522070646286011,19
tuned,6997,truck,341.06666666666666,341.6333333333333,0.5666666666666629,10232,10249,666.8341,560.8556,629.82513,597.3895,0.4140854795773824,0.6180577874183655,15
tuned,7003,car,338.03333333333336,338.8666666666667,0.8333333333333144,10141,10166,1098.759,599.1853,1073.1907,560.4859,0.49041427731513976,0.5911503434181213,25
tuned,7018,car,340.0,419.96666666666664,79.96666666666664,10200,12599,737.34924,560.1455,725.4665,595.6789,0.37095609536537755,0.5954351425170898,13
tuned,7020,car,339.96666666666664,340.96666666666664,1.0,10199,10229,956.29736,599.54626,953.12604,560.20105,0.8387166937192281,0.8668828010559082,30
tuned,7029,car,340.0,340.76666666666665,0.7666666666666515,10200,10223,1077.0952,598.432,1058.4224,560.63995,0.8312734935594641,0.8443658947944641,23
tuned,7049,car,345.73333333333335,346.46666666666664,0.7333333333332916,10372,10394,696.83075,561.0666,676.83484,598.9725,0.4106049851367348,0.5205981731414795,19
tuned,7067,car,345.0,346.43333333333334,1.4333333333333371,10350,10393,781.1057,560.89026,767.16724,599.745,0.34923281389124256,0.5317306518554688,17
tuned,7068,car,340.9,341.7,0.8000000000000114,10227,10251,1014.56665,598.5851,1011.97894,561.08167,0.7070067065457503,0.7866721153259277,24
tuned,7110,car,356.1333333333333,356.7,0.5666666666666629,10684,10701,844.7191,561.2271,829.48584,598.0294,0.8598279497202705,0.8750540614128113,17
tuned,7132,car,347.26666666666665,348.23333333333335,0.966666666666697,10418,10447,1082.145,590.2062,1066.473,560.8132,0.33662856542147124,0.47324973344802856,13
tuned,7136,truck,343.46666666666664,419.96666666666664,76.5,10304,12599,1266.6125,575.9727,1267.219,593.7023,0.2970729998566888,0.34005382657051086,22
tuned,7153,car,347.73333333333335,348.6666666666667,0.9333333333333371,10432,10460,944.34735,598.7686,937.16974,560.047,0.5510699815220303,0.6921101808547974,27
tuned,7155,keke,351.5,352.23333333333335,0.7333333333333485,10545,10567,686.70886,561.1481,695.3607,596.6891,0.4622417605585522,0.609796941280365,18
tuned,7175,truck,347.5,348.8666666666667,1.3666666666666742,10425,10466,1045.14,598.85504,1036.9395,560.0745,0.39021040656064687,0.572106122970581,38
tuned,7181,car,347.73333333333335,419.96666666666664,72.23333333333329,10432,12599,944.614,599.1594,941.37854,585.2634,0.5069232285022736,0.6292514801025391,10
tuned,7186,car,362.46666666666664,363.1,0.6333333333333826,10874,10893,819.5078,560.26074,795.37256,599.15356,0.8708233143153944,0.8853362798690796,19
tuned,7202,truck,348.1333333333333,419.96666666666664,71.83333333333331,10444,12599,940.87164,581.14526,937.83936,565.5149,0.5513477101922035,0.6774000525474548,12
tuned,7289,car,363.1666666666667,364.06666666666666,0.8999999999999773,10895,10922,671.4809,560.57086,619.54504,598.75366,0.7107141867831901,0.838196337223053,27
tuned,7289,car,364.3,364.43333333333334,0.13333333333332575,10929,10933,603.1594,591.40857,599.48584,579.0038,0.3593582014242808,0.41295892000198364,3
tuned,7296,car,363.8666666666667,364.43333333333334,0.5666666666666629,10916,10933,778.9485,562.7676,755.7181,599.54236,0.7301391328082365,0.8017864227294922,17
tuned,7317,car,357.3,358.1,0.8000000000000114,10719,10743,817.71246,561.04553,799.7499,561.6289,0.4904381995615752,0.6279643774032593,23
tuned,7317,car,359.56666666666666,360.53333333333336,0.966666666666697,10787,10816,760.25696,560.65576,719.2498,599.8011,0.5117666542530059,0.8360071778297424,20
tuned,7324,keke,355.96666666666664,358.0,2.03333333333336,10679,10740,1211.5847,599.998,1153.405,560.02435,0.5849737813238238,0.6934278011322021,61
tuned,7327,car,357.8,358.1,0.30000000000001137,10734,10743,1108.7906,598.732,1100.6072,563.89514,0.7939263118637933,0.8300389051437378,9
tuned,7330,car,365.03333333333336,365.56666666666666,0.533333333333303,10951,10967,563.1979,560.60077,525.5312,598.7854,0.5713308788836002,0.7661354541778564,16
tuned,7346,car,358.1333333333333,358.23333333333335,0.10000000000002274,10744,10747,1163.1963,597.418,1161.9792,572.7143,0.6294127702713013,0.6936918497085571,3
tuned,7407,car,410.9,415.96666666666664,5.066666666666663,12327,12479,1187.509,560.463,1191.5203,560.0119,0.7919502489660916,0.8205189108848572,152
tuned,7416,car,360.43333333333334,361.06666666666666,0.6333333333333258,10813,10832,1210.0715,598.2562,1192.4297,560.0424,0.448871362540457,0.7048740386962891,18
tuned,7509,car,373.1,373.6666666666667,0.5666666666666629,11193,11210,886.7875,560.8773,873.7009,599.62854,0.5874704420566559,0.7652190327644348,17
tuned,7510,car,371.6666666666667,372.1,0.4333333333333371,11150,11163,754.2926,562.06116,732.6296,598.8338,0.8765648557589605,0.8819449543952942,13
tuned,7519,truck,368.53333333333336,368.93333333333334,0.39999999999997726,11056,11068,709.6531,561.51013,687.7894,598.70844,0.5404054149985313,0.7016401886940002,12
tuned,7529,car,363.9,364.3,0.4000000000000341,10917,10929,1248.3544,598.49084,1240.915,561.21216,0.7406525214513143,0.8101473450660706,12
tuned,7532,car,369.7,370.2,0.5,11091,11106,669.0789,561.31964,643.1848,599.9221,0.7245133459568024,0.8604696989059448,15
tuned,7563,car,365.1333333333333,419.96666666666664,54.833333333333314,10954,12599,556.73596,567.03235,554.77826,570.5661,0.4989299327135086,0.5439983606338501,2
tuned,7570,keke,365.26666666666665,365.56666666666666,0.30000000000001137,10958,10967,546.6428,574.9539,525.0919,598.1399,0.42617053124639726,0.656341016292572,9
tuned,7581,car,367.8666666666667,368.3,0.4333333333333371,11036,11049,1180.5771,598.2981,1162.8706,561.9881,0.7705570413516118,0.875573992729187,13
tuned,7598,car,373.46666666666664,374.0,0.5333333333333599,11204,11220,717.468,562.7782,686.27673,599.43414,0.5070607721805572,0.771052360534668,15
tuned,7608,car,369.23333333333335,369.7,0.46666666666664014,11077,11091,1138.8724,598.54004,1119.6465,561.34863,0.5867981953280312,0.7828559279441833,14
tuned,7621,car,369.1,369.76666666666665,0.6666666666666288,11073,11093,1246.3596,599.5311,1233.4661,560.7807,0.8358589679002761,0.8680201768875122,20
tuned,7643,keke,368.73333333333335,419.96666666666664,51.23333333333329,11062,12599,698.42865,581.12085,698.42865,581.12085,0.3795279562473297,0.3795279562473297,1
tuned,7682,car,370.5,371.2,0.6999999999999886,11115,11136,1261.8983,599.3168,1246.8702,560.76666,0.5321390089534578,0.7306472063064575,21
tuned,7697,keke,378.8666666666667,379.3666666666667,0.5,11366,11381,779.1721,560.63916,761.37866,597.20685,0.771010152498881,0.8735294342041016,15
tuned,7738,car,387.1666666666667,387.76666666666665,0.5999999999999659,11615,11633,827.3873,560.4525,810.7179,599.4298,0.8791748351520963,0.8867937922477722,18
tuned,7764,keke,375.5,376.03333333333336,0.5333333333333599,11265,11281,1242.1611,599.50116,1224.5593,561.2729,0.9031816050410271,0.9206249117851257,16
tuned,7803,car,388.73333333333335,389.3333333333333,0.5999999999999659,11662,11680,845.0062,560.43896,835.7959,599.70593,0.862105107969708,0.8733379244804382,18
tuned,7858,keke,376.43333333333334,377.0,0.5666666666666629,11293,11310,1271.8934,598.13684,1252.0271,560.0515,0.597861696692074,0.7240356802940369,17
tuned,7921,truck,385.06666666666666,385.56666666666666,0.5,11552,11567,678.1786,560.4592,626.31006,599.0183,0.7015578985214234,0.7972550392150879,15
tuned,7932,truck,384.23333333333335,384.6333333333333,0.39999999999997726,11527,11539,750.64734,570.2389,727.9518,597.08875,0.3803553751536778,0.5794308185577393,7
tuned,7946,car,388.06666666666666,388.6333333333333,0.5666666666666629,11642,11659,782.08215,561.61694,764.16486,598.5054,0.8614206699764028,0.8789263963699341,17
tuned,7964,truck,385.76666666666665,386.1333333333333,0.36666666666667425,11573,11584,781.36383,567.5343,767.1416,597.3696,0.5636765658855438,0.7512810826301575,11
tuned,7978,car,415.3666666666667,415.9,0.533333333333303,12461,12477,873.7312,560.01294,876.0317,560.03326,0.8217389583587646,0.8318145275115967,16
tuned,7995,keke,386.46666666666664,387.2,0.7333333333333485,11594,11616,1192.8258,599.0851,1171.0713,560.0773,0.5730850357900966,0.7880541682243347,22
tuned,8016,car,387.7,388.43333333333334,0.7333333333333485,11631,11653,1207.1964,598.641,1179.4044,561.8539,0.7593505003235557,0.8105106949806213,22
tuned,8022,keke,386.6,419.96666666666664,33.36666666666662,11598,12599,1188.4019,590.8486,1186.96,586.77466,0.4005253314971924,0.4721410870552063,3
tuned,8040,car,397.23333333333335,397.8666666666667,0.6333333333333258,11917,11936,730.2344,560.45966,709.62384,596.41455,0.36420971486303544,0.5255383849143982,9
tuned,8076,car,391.8333333333333,392.96666666666664,1.1333333333333258,11755,11789,1217.693,599.4734,1185.0834,560.8157,0.5302245075052435,0.8253660798072815,33
tuned,8082,keke,391.93333333333334,419.96666666666664,28.033333333333303,11758,12599,1214.7484,595.489,1213.6565,593.95886,0.29735586047172546,0.3286783993244171,2
tuned,8085,car,392.3,419.96666666666664,27.66666666666663,11769,12599,1203.2007,581.04517,1196.4426,574.66034,0.4531574286520481,0.5102229118347168,8
tuned,8086,keke,392.6333333333333,419.96666666666664,27.333333333333314,11779,12599,1193.6483,571.01715,1192.0238,568.44574,0.4148070315519969,0.42192211747169495,3
tuned,8089,car,395.7,396.7,1.0,11871,11901,1162.6814,598.9911,1145.2472,560.3539,0.5388053437074025,0.6706466674804688,30
tuned,8090,keke,392.8666666666667,419.96666666666664,27.099999999999966,11786,12599,1187.1399,562.5038,1185.1195,560.65125,0.3219633797804515,0.4127349257469177,3
tuned,8129,car,396.73333333333335,397.3666666666667,0.6333333333333258,11902,11921,1060.8157,598.4749,1045.5723,561.3119,0.8575896652121293,0.8732435703277588,19
tuned,8139,truck,399.9,401.6666666666667,1.7666666666667084,11997,12050,1172.2622,599.3406,1141.9799,560.04047,0.8685979460770229,0.8799306750297546,53
tuned,8147,car,398.6333333333333,399.7,1.0666666666666629,11959,11991,1079.6318,599.7976,1069.0195,560.5177,0.7593965940177441,0.805669367313385,32
tuned,8152,truck,397.4,398.1,0.7000000000000455,11922,11943,838.59106,561.9949,829.834,591.79706,0.2962619125843048,0.34152910113334656,5
tuned,8209,bicycle,400.6666666666667,401.6666666666667,1.0,12020,12050,743.64453,561.1006,723.9121,599.7875,0.39663309741903235,0.5741760730743408,27
tuned,8225,car,404.03333333333336,405.5,1.4666666666666401,12121,12165,1096.2357,598.75964,1075.6221,560.46014,0.6815366758541628,0.8072627782821655,44
tuned,8232,car,404.1333333333333,405.5,1.3666666666666742,12124,12165,1026.0984,599.74304,1008.33655,560.3042,0.6182471106692058,0.7451901435852051,41
tuned,8236,truck,405.43333333333334,406.53333333333336,1.1000000000000227,12163,12196,821.817,560.77264,803.8219,597.4907,0.40839513865384186,0.5738614797592163,22
tuned,8256,car,408.43333333333334,410.46666666666664,2.033333333333303,12253,12314,1107.2697,599.602,1081.2202,560.03455,0.6281315146899614,0.7487941980361938,61
tuned,8298,car,413.1,413.93333333333334,0.8333333333333144,12393,12418,794.8528,560.5031,782.2384,598.5641,0.8657165551185608,0.8827634453773499,25
tuned,8335,car,414.93333333333334,416.1,1.1666666666666856,12448,12483,792.62366,560.803,793.28284,561.17944,0.4477556312785429,0.6488538980484009,34
tuned,8335,car,417.3,418.0,0.6999999999999886,12519,12540,946.1993,561.0201,940.6078,598.6161,0.5417343179384867,0.7046025991439819,21
tuned,8350,car,415.4,416.03333333333336,0.6333333333333826,12462,12481,1093.8682,599.6161,1089.8679,561.81995,0.5467602281193984,0.684796154499054,19
tuned,8352,car,413.1666666666667,419.96666666666664,6.7999999999999545,12395,12599,1114.0752,597.65173,1112.2355,594.84595,0.3093170438494001,0.3698321282863617,7
tuned,8417,car,418.7,419.53333333333336,0.8333333333333712,12561,12586,930.50586,561.223,894.64136,598.7762,0.6284284245967865,0.7668768763542175,25
tuned,8439,car,414.1666666666667,415.7,1.533333333333303,12425,12471,1106.8855,579.45874,1095.9563,562.95667,0.3770135964666094,0.504325270652771,35
tuned,8474,truck,415.43333333333334,419.96666666666664,4.533333333333303,12463,12599,791.298,578.3263,791.47943,579.4115,0.34940387308597565,0.353693425655365,2
tuned,8500,car,415.7,419.96666666666664,4.2666666666666515,12471,12599,791.7185,587.43933,791.928,587.3562,0.36408389210700987,0.3815755248069763,5
tuned,8512,truck,415.93333333333334,419.96666666666664,4.033333333333303,12478,12599,791.60034,578.496,791.60034,578.496,0.31542453169822693,0.31542453169822693,1
tuned,8603,keke,419.53333333333336,419.96666666666664,0.4333333333332803,12586,12599,1242.9934,598.8623,1224.7626,573.1007,0.7633388042449951,0.7886135578155518,14
