experiment_key,video_key,model_key,model_display_name,tracker,region_mode,track_id,class,enter_time_s,exit_time_s,duration_s,enter_frame,exit_frame,enter_cx,enter_cy,exit_cx,exit_cy,avg_conf_in_region,max_conf_in_region,frames_in_region
mubi_road__yolo26l_default__botsort__roi,mubi_road,yolo26l_default,YOLO26l default,botsort,roi,10,truck,1.5666666666666667,2.2666666666666666,0.7,47,68,937.1715087890625,563.74365234375,929.3343505859375,583.2327880859375,0.27409112453460693,0.2849998474121094,6
mubi_road__yolo26l_default__botsort__roi,mubi_road,yolo26l_default,YOLO26l default,botsort,roi,28,bus,2.466666666666667,3.033333333333333,0.5666666666666664,74,91,838.7120361328125,576.7564086914062,835.2611083984375,583.8760986328125,0.36512182652950287,0.5056018829345703,4
mubi_road__yolo26l_default__botsort__roi,mubi_road,yolo26l_default,YOLO26l default,botsort,roi,35,car,7.3,8.133333333333333,0.833333333333333,219,244,921.8355712890625,560.9417724609375,903.0457763671875,599.4146118164062,0.7502158641815185,0.8139283061027527,25
mubi_road__yolo26l_default__botsort__roi,mubi_road,yolo26l_default,YOLO26l default,botsort,roi,22,bus,4.766666666666667,5.033333333333333,0.2666666666666666,143,151,943.703369140625,597.879150390625,943.703369140625,597.879150390625,0.29209476709365845,0.29209476709365845,1
mubi_road__yolo26l_default__botsort__roi,mubi_road,yolo26l_default,YOLO26l default,botsort,roi,63,car,6.6,7.866666666666666,1.2666666666666666,198,236,1206.447265625,599.65966796875,1175.5655517578125,560.2261962890625,0.5999502672960884,0.7581691145896912,38
mubi_road__yolo26l_default__botsort__roi,mubi_road,yolo26l_default,YOLO26l default,botsort,roi,65,car,4.566666666666666,5.1,0.5333333333333332,137,153,1155.42333984375,581.01025390625,1149.66552734375,560.166259765625,0.3277489932683798,0.4142891466617584,13
mubi_road__yolo26l_default__botsort__roi,mubi_road,yolo26l_default,YOLO26l default,botsort,roi,92,truck,7.133333333333334,419.96666666666664,412.8333333333333,214,12599,1193.3814697265625,580.9180908203125,1190.37744140625,578.554443359375,0.4588340297341347,0.5294848084449768,4
mubi_road__yolo26l_default__botsort__roi,mubi_road,yolo26l_default,YOLO26l default,botsort,roi,93,car,13.1,14.133333333333333,1.0333333333333332,393,424,910.99853515625,560.3172607421875,893.79296875,599.6009521484375,0.7603357261227023,0.8476803302764893,31
mubi_road__yolo26l_default__botsort__roi,mubi_road,yolo26l_default,YOLO26l default,botsort,roi,108,car,14.133333333333333,15.133333333333333,1.0,424,454,821.444091796875,560.8515625,787.5935668945312,599.0231323242188,0.6640391270319621,0.8005185723304749,30
mubi_road__yolo26l_default__botsort__roi,mubi_road,yolo26l_default,YOLO26l default,botsort,roi,163,car,33.43333333333333,41.333333333333336,7.900000000000006,1003,1240,1253.593505859375,560.2513427734375,1256.9010009765625,560.39453125,0.4791141628461369,0.7717280983924866,236
mubi_road__yolo26l_default__botsort__roi,mubi_road,yolo26l_default,YOLO26l default,botsort,roi,186,truck,20.066666666666666,20.766666666666666,0.6999999999999993,602,623,833.5316162109375,575.336669921875,818.0812377929688,596.8270874023438,0.29722915093104046,0.34005507826805115,12
mubi_road__yolo26l_default__botsort__roi,mubi_road,yolo26l_default,YOLO26l default,botsort,roi,191,truck,23.333333333333332,23.966666666666665,0.6333333333333329,700,719,853.8193359375,579.6160888671875,853.8193359375,579.6160888671875,0.30323365330696106,0.30323365330696106,1
mubi_road__yolo26l_default__botsort__roi,mubi_road,yolo26l_default,YOLO26l default,botsort,roi,244,car,31.8,32.8,0.9999999999999964,954,984,928.8182373046875,561.0402221679688,918.171875,598.8380737304688,0.6756918986638387,0.7810766696929932,30
mubi_road__yolo26l_default__botsort__roi,mubi_road,yolo26l_default,YOLO26l default,botsort,roi,249,truck,27.0,28.033333333333335,1.033333333333335,810,841,848.224609375,560.9061279296875,832.107421875,584.6832275390625,0.3224846472342809,0.3536677360534668,6
mubi_road__yolo26l_default__botsort__roi,mubi_road,yolo26l_default,YOLO26l default,botsort,roi,260,car,28.733333333333334,29.666666666666668,0.9333333333333336,862,890,1148.1669921875,583.0599975585938,1141.68212890625,560.998291015625,0.31027773519357044,0.35951611399650574,6
mubi_road__yolo26l_default__botsort__roi,mubi_road,yolo26l_default,YOLO26l default,botsort,roi,318,car,36.03333333333333,38.1,2.06666666666667,1081,1143,1095.9404296875,599.7852783203125,1087.904296875,560.2744140625,0.5628750300215136,0.6786637902259827,62
mubi_road__yolo26l_default__botsort__roi,mubi_road,yolo26l_default,YOLO26l default,botsort,roi,318,car,38.46666666666667,39.266666666666666,0.7999999999999972,1154,1178,1083.8040771484375,560.2718505859375,1078.420654296875,560.4649658203125,0.5216399443646272,0.6037361025810242,24
mubi_road__yolo26l_default__botsort__roi,mubi_road,yolo26l_default,YOLO26l default,botsort,roi,401,car,42.166666666666664,42.266666666666666,0.10000000000000142,1265,1268,1109.99169921875,590.6103515625,1107.245361328125,560.1041259765625,0.635995626449585,0.6951317191123962,3
mubi_road__yolo26l_default__botsort__roi,mubi_road,yolo26l_default,YOLO26l default,botsort,roi,404,truck,45.666666666666664,46.1,0.4333333333333371,1370,1383,723.4088134765625,561.2757568359375,683.582763671875,599.192138671875,0.3261656706983393,0.39698463678359985,11
mubi_road__yolo26l_default__botsort__roi,mubi_road,yolo26l_default,YOLO26l default,botsort,roi,424,bus,42.53333333333333,42.666666666666664,0.13333333333333286,1276,1280,786.739013671875,591.93310546875,783.2200927734375,583.6402587890625,0.3266012817621231,0.3914870619773865,2
mubi_road__yolo26l_default__botsort__roi,mubi_road,yolo26l_default,YOLO26l default,botsort,roi,424,bus,43.06666666666667,419.96666666666664,376.9,1292,12599,740.327392578125,561.9027709960938,728.5543212890625,578.3727416992188,0.2859320243199666,0.324847936630249,3
mubi_road__yolo26l_default__botsort__roi,mubi_road,yolo26l_default,YOLO26l default,botsort,roi,429,car,42.56666666666667,42.733333333333334,0.1666666666666643,1277,1282,582.3352661132812,595.4806518554688,558.36865234375,564.9486083984375,0.3424404039978981,0.3878001272678375,4
mubi_road__yolo26l_default__botsort__roi,mubi_road,yolo26l_default,YOLO26l default,botsort,roi,429,car,43.0,43.266666666666666,0.2666666666666657,1290,1298,504.6925048828125,563.596923828125,447.4787902832031,599.7857666015625,0.3911963275500706,0.643964946269989,7
mubi_road__yolo26l_default__botsort__roi,mubi_road,yolo26l_default,YOLO26l default,botsort,roi,487,truck,50.5,50.833333333333336,0.3333333333333357,1515,1525,735.804931640625,565.4094848632812,698.5886840820312,595.1802368164062,0.34562308589617413,0.38674330711364746,6
mubi_road__yolo26l_default__botsort__roi,mubi_road,yolo26l_default,YOLO26l default,botsort,roi,526,car,46.333333333333336,46.8,0.46666666666666146,1390,1404,1245.5643310546875,597.7760620117188,1233.03125,560.2401123046875,0.7551349571772984,0.8320407271385193,14
mubi_road__yolo26l_default__botsort__roi,mubi_road,yolo26l_default,YOLO26l default,botsort,roi,600,car,63.166666666666664,63.93333333333333,0.7666666666666657,1895,1918,790.9925537109375,560.859619140625,755.3978271484375,598.853271484375,0.8153444813645404,0.8523842096328735,23
mubi_road__yolo26l_default__botsort__roi,mubi_road,yolo26l_default,YOLO26l default,botsort,roi,616,car,63.833333333333336,64.63333333333334,0.8000000000000043,1915,1939,878.696044921875,560.451171875,859.0449829101562,599.830078125,0.6979554841915766,0.7510154247283936,24
mubi_road__yolo26l_default__botsort__roi,mubi_road,yolo26l_default,YOLO26l default,botsort,roi,605,bus,56.96666666666667,57.36666666666667,0.3999999999999986,1709,1721,856.6539306640625,579.3291015625,847.033935546875,592.4332275390625,0.346018023788929,0.4001096189022064,4
mubi_road__yolo26l_default__botsort__roi,mubi_road,yolo26l_default,YOLO26l default,botsort,roi,652,car,59.666666666666664,61.43333333333333,1.7666666666666657,1790,1843,795.9518432617188,560.4146728515625,754.73583984375,596.9979248046875,0.34610986212889355,0.43785399198532104,6
mubi_road__yolo26l_default__botsort__roi,mubi_road,yolo26l_default,YOLO26l default,botsort,roi,712,bus,60.56666666666667,61.13333333333333,0.5666666666666629,1817,1834,1158.044921875,581.953369140625,1147.864501953125,560.67236328125,0.36660665459930897,0.5279903411865234,16
mubi_road__yolo26l_default__botsort__roi,mubi_road,yolo26l_default,YOLO26l default,botsort,roi,739,car,62.5,419.96666666666664,357.46666666666664,1875,12599,1268.569580078125,588.077392578125,1267.9080810546875,594.46337890625,0.37698597388882793,0.5378116965293884,31
mubi_road__yolo26l_default__botsort__roi,mubi_road,yolo26l_default,YOLO26l default,botsort,roi,762,car,70.03333333333333,419.96666666666664,349.9333333333333,2101,12599,876.812255859375,586.90576171875,876.812255859375,586.90576171875,0.2586175203323364,0.2586175203323364,1
mubi_road__yolo26l_default__botsort__roi,mubi_road,yolo26l_default,YOLO26l default,botsort,roi,813,car,68.3,70.2,1.9000000000000057,2049,2106,1076.899169921875,599.5152587890625,1074.798095703125,596.0206298828125,0.3309440116087596,0.42723149061203003,3
mubi_road__yolo26l_default__botsort__roi,mubi_road,yolo26l_default,YOLO26l default,botsort,roi,860,bus,70.66666666666667,419.96666666666664,349.29999999999995,2120,12599,818.7623291015625,561.1702270507812,818.7623291015625,561.1702270507812,0.36638227105140686,0.36638227105140686,1
mubi_road__yolo26l_default__botsort__roi,mubi_road,yolo26l_default,YOLO26l default,botsort,roi,850,car,71.06666666666666,419.96666666666664,348.9,2132,12599,1055.0352783203125,594.5543212890625,1055.0352783203125,594.5543212890625,0.31215906143188477,0.31215906143188477,1
mubi_road__yolo26l_default__botsort__roi,mubi_road,yolo26l_default,YOLO26l default,botsort,roi,905,car,71.86666666666666,419.96666666666664,348.09999999999997,2156,12599,1102.9482421875,594.4588623046875,1100.744873046875,590.3973999023438,0.35450246185064316,0.48607587814331055,4
mubi_road__yolo26l_default__botsort__roi,mubi_road,yolo26l_default,YOLO26l default,botsort,roi,939,truck,76.16666666666667,76.8,0.6333333333333258,2285,2304,858.20556640625,582.8650512695312,855.926025390625,592.144775390625,0.29701173305511475,0.34551623463630676,4
mubi_road__yolo26l_default__botsort__roi,mubi_road,yolo26l_default,YOLO26l default,botsort,roi,939,truck,77.2,77.76666666666667,0.5666666666666629,2316,2333,834.9893798828125,598.4715576171875,830.1842651367188,590.5048828125,0.3320230022072792,0.4125021696090698,4
mubi_road__yolo26l_default__botsort__roi,mubi_road,yolo26l_default,YOLO26l default,botsort,roi,956,bus,76.23333333333333,76.83333333333333,0.5999999999999943,2287,2305,789.89111328125,583.053466796875,776.2894287109375,599.8515014648438,0.3582416158169508,0.5036222338676453,16
mubi_road__yolo26l_default__botsort__roi,mubi_road,yolo26l_default,YOLO26l default,botsort,roi,956,bus,77.03333333333333,419.96666666666664,342.9333333333333,2311,12599,771.2908935546875,599.6242065429688,756.595458984375,576.0111083984375,0.3734893202781677,0.43184927105903625,9
mubi_road__yolo26l_default__botsort__roi,mubi_road,yolo26l_default,YOLO26l default,botsort,roi,917,car,75.1,75.86666666666666,0.7666666666666657,2253,2276,1054.24609375,583.75927734375,1053.69921875,566.5799560546875,0.28034038841724396,0.3062921464443207,2
mubi_road__yolo26l_default__botsort__roi,mubi_road,yolo26l_default,YOLO26l default,botsort,roi,966,car,80.93333333333334,81.66666666666667,0.7333333333333343,2428,2450,788.4033813476562,561.8482666015625,747.3463745117188,599.1737060546875,0.33397031761705875,0.5021743774414062,16
mubi_road__yolo26l_default__botsort__roi,mubi_road,yolo26l_default,YOLO26l default,botsort,roi,977,car,77.7,419.96666666666664,342.26666666666665,2331,12599,1256.9801025390625,579.6181640625,1256.9801025390625,579.6181640625,0.2664715349674225,0.2664715349674225,1
mubi_road__yolo26l_default__botsort__roi,mubi_road,yolo26l_default,YOLO26l default,botsort,roi,987,truck,81.46666666666667,81.9,0.4333333333333371,2444,2457,857.925048828125,569.166748046875,848.91064453125,588.5125732421875,0.31244524887629915,0.3666435480117798,7
mubi_road__yolo26l_default__botsort__roi,mubi_road,yolo26l_default,YOLO26l default,botsort,roi,1001,car,77.23333333333333,419.96666666666664,342.7333333333333,2317,12599,1123.7757568359375,579.4861450195312,1123.7757568359375,579.4861450195312,0.30150339007377625,0.30150339007377625,1
mubi_road__yolo26l_default__botsort__roi,mubi_road,yolo26l_default,YOLO26l default,botsort,roi,1066,car,141.7,141.93333333333334,0.2333333333333485,4251,4258,814.0189819335938,566.3831787109375,813.82080078125,565.5103759765625,0.5215685878481183,0.6342476010322571,7
mubi_road__yolo26l_default__botsort__roi,mubi_road,yolo26l_default,YOLO26l default,botsort,roi,1086,car,81.96666666666667,82.7,0.7333333333333343,2459,2481,1051.981201171875,598.904052734375,1044.7103271484375,560.0299072265625,0.5637645369226282,0.733055055141449,22
mubi_road__yolo26l_default__botsort__roi,mubi_road,yolo26l_default,YOLO26l default,botsort,roi,1149,car,82.7,83.43333333333334,0.7333333333333343,2481,2503,1086.8372802734375,599.9554443359375,1070.2197265625,560.9185791015625,0.6519330008463426,0.7800340056419373,22
mubi_road__yolo26l_default__botsort__roi,mubi_road,yolo26l_default,YOLO26l default,botsort,roi,1172,car,85.96666666666667,87.43333333333334,1.4666666666666686,2579,2623,1197.8421630859375,599.243896484375,1185.3314208984375,560.1785888671875,0.5207415223121643,0.704305112361908,44
mubi_road__yolo26l_default__botsort__roi,mubi_road,yolo26l_default,YOLO26l default,botsort,roi,1249,car,98.3,99.13333333333334,0.8333333333333428,2949,2974,817.84716796875,561.1962890625,798.7298583984375,599.41748046875,0.8270972776412964,0.8535054326057434,25
mubi_road__yolo26l_default__botsort__roi,mubi_road,yolo26l_default,YOLO26l default,botsort,roi,1285,bus,95.33333333333333,419.96666666666664,324.6333333333333,2860,12599,740.4468383789062,561.3040771484375,709.40087890625,590.6685791015625,0.3140520453453064,0.32591328024864197,3
mubi_road__yolo26l_default__botsort__roi,mubi_road,yolo26l_default,YOLO26l default,botsort,roi,1313,bus,97.66666666666667,97.9,0.23333333333333428,2930,2937,771.2000732421875,589.8848266601562,768.8919677734375,593.064208984375,0.25557561218738556,0.25729113817214966,2
mubi_road__yolo26l_default__botsort__roi,mubi_road,yolo26l_default,YOLO26l default,botsort,roi,1374,bus,104.0,104.83333333333333,0.8333333333333286,3120,3145,1209.5321044921875,592.218994140625,1207.89404296875,590.2604370117188,0.28880223631858826,0.2950126826763153,2
mubi_road__yolo26l_default__botsort__roi,mubi_road,yolo26l_default,YOLO26l default,botsort,roi,1411,car,119.8,120.33333333333333,0.5333333333333314,3594,3610,879.8763427734375,562.0712280273438,860.2982177734375,599.536376953125,0.8098724968731403,0.8219033479690552,16
mubi_road__yolo26l_default__botsort__roi,mubi_road,yolo26l_default,YOLO26l default,botsort,roi,1350,bus,106.8,107.56666666666666,0.7666666666666657,3204,3227,760.4229736328125,565.668212890625,738.1646728515625,595.7030029296875,0.3333727568387985,0.4061756730079651,6
mubi_road__yolo26l_default__botsort__roi,mubi_road,yolo26l_default,YOLO26l default,botsort,roi,1420,truck,110.3,110.9,0.6000000000000085,3309,3327,743.1077880859375,560.7757568359375,710.98876953125,598.4619140625,0.465477587779363,0.5489892363548279,15
mubi_road__yolo26l_default__botsort__roi,mubi_road,yolo26l_default,YOLO26l default,botsort,roi,1439,car,112.66666666666667,113.3,0.6333333333333258,3380,3399,823.6888427734375,561.4571533203125,805.61328125,599.7409057617188,0.7557140808356436,0.8088773488998413,19
mubi_road__yolo26l_default__botsort__roi,mubi_road,yolo26l_default,YOLO26l default,botsort,roi,1467,bus,109.86666666666666,110.46666666666667,0.6000000000000085,3296,3314,1210.600341796875,588.401123046875,1206.225830078125,582.8662109375,0.4146819934248924,0.49404793977737427,4
mubi_road__yolo26l_default__botsort__roi,mubi_road,yolo26l_default,YOLO26l default,botsort,roi,1443,truck,114.73333333333333,115.13333333333334,0.4000000000000057,3442,3454,770.6973876953125,573.697509765625,751.195068359375,597.8575439453125,0.3687684029340744,0.4924793839454651,10
mubi_road__yolo26l_default__botsort__roi,mubi_road,yolo26l_default,YOLO26l default,botsort,roi,1618,car,117.73333333333333,118.4,0.6666666666666714,3532,3552,1206.56884765625,598.8297729492188,1194.34228515625,561.939453125,0.4274106726050377,0.6256058812141418,20
mubi_road__yolo26l_default__botsort__roi,mubi_road,yolo26l_default,YOLO26l default,botsort,roi,1658,car,121.23333333333333,121.9,0.6666666666666714,3637,3657,691.122802734375,563.1077270507812,650.981689453125,597.8477783203125,0.31745798140764236,0.45789656043052673,16
mubi_road__yolo26l_default__botsort__roi,mubi_road,yolo26l_default,YOLO26l default,botsort,roi,1668,car,121.86666666666666,121.9,0.03333333333334565,3656,3657,651.377685546875,597.1920166015625,651.377685546875,597.1920166015625,0.3202507197856903,0.3202507197856903,1
mubi_road__yolo26l_default__botsort__roi,mubi_road,yolo26l_default,YOLO26l default,botsort,roi,1708,truck,127.83333333333333,128.7,0.86666666666666,3835,3861,826.619384765625,561.6348876953125,811.9749755859375,571.7284545898438,0.26781729608774185,0.29877719283103943,4
mubi_road__yolo26l_default__botsort__roi,mubi_road,yolo26l_default,YOLO26l default,botsort,roi,1699,car,125.2,128.26666666666668,3.066666666666677,3756,3848,1203.165771484375,579.9357299804688,1198.6240234375,562.6815795898438,0.3013338843981425,0.32958197593688965,3
mubi_road__yolo26l_default__botsort__roi,mubi_road,yolo26l_default,YOLO26l default,botsort,roi,1714,car,138.4,140.76666666666668,2.3666666666666742,4152,4223,811.3497314453125,563.9716796875,859.71728515625,597.6697998046875,0.42327101654925586,0.6053646206855774,59
mubi_road__yolo26l_default__botsort__roi,mubi_road,yolo26l_default,YOLO26l default,botsort,roi,1726,car,141.66666666666666,141.83333333333334,0.16666666666668561,4250,4255,910.9678955078125,567.7388916015625,911.6021728515625,577.75537109375,0.3452164828777313,0.373540997505188,2
mubi_road__yolo26l_default__botsort__roi,mubi_road,yolo26l_default,YOLO26l default,botsort,roi,1726,car,141.86666666666667,142.0,0.13333333333332575,4256,4260,913.5897827148438,590.616943359375,913.6431884765625,576.8492431640625,0.2658713310956955,0.2791478633880615,2
mubi_road__yolo26l_default__botsort__roi,mubi_road,yolo26l_default,YOLO26l default,botsort,roi,1755,bus,132.2,132.83333333333334,0.6333333333333542,3966,3985,790.6853637695312,561.67724609375,752.2800903320312,599.7418212890625,0.3860848464749076,0.45320770144462585,11
mubi_road__yolo26l_default__botsort__roi,mubi_road,yolo26l_default,YOLO26l default,botsort,roi,1811,bus,132.6,419.96666666666664,287.3666666666667,3978,12599,765.789306640625,587.8843994140625,763.609130859375,590.2072143554688,0.34052732586860657,0.399905264377594,2
mubi_road__yolo26l_default__botsort__roi,mubi_road,yolo26l_default,YOLO26l default,botsort,roi,1834,car,134.43333333333334,419.96666666666664,285.5333333333333,4033,12599,880.729736328125,570.457275390625,879.3565063476562,569.197265625,0.330179825425148,0.3459293246269226,2
mubi_road__yolo26l_default__botsort__roi,mubi_road,yolo26l_default,YOLO26l default,botsort,roi,1849,truck,137.26666666666668,419.96666666666664,282.69999999999993,4118,12599,869.9322509765625,563.3819580078125,863.5052490234375,579.7166748046875,0.2805163860321045,0.3139301836490631,4
mubi_road__yolo26l_default__botsort__roi,mubi_road,yolo26l_default,YOLO26l default,botsort,roi,1850,truck,135.03333333333333,419.96666666666664,284.9333333333333,4051,12599,866.706298828125,565.392333984375,858.9664306640625,581.7923583984375,0.30608269572257996,0.35089540481567383,5
mubi_road__yolo26l_default__botsort__roi,mubi_road,yolo26l_default,YOLO26l default,botsort,roi,1941,car,141.66666666666666,142.53333333333333,0.8666666666666742,4250,4276,956.7884521484375,585.612548828125,952.55322265625,585.5704345703125,0.2675378918647766,0.27211788296699524,2
mubi_road__yolo26l_default__botsort__roi,mubi_road,yolo26l_default,YOLO26l default,botsort,roi,1977,truck,139.73333333333332,419.96666666666664,280.23333333333335,4192,12599,816.5435180664062,575.41357421875,825.1385498046875,576.4305419921875,0.4414924843744798,0.5323116779327393,11
mubi_road__yolo26l_default__botsort__roi,mubi_road,yolo26l_default,YOLO26l default,botsort,roi,1985,car,139.86666666666667,140.03333333333333,0.1666666666666572,4196,4201,1150.0887451171875,569.8638916015625,1152.7548828125,561.022216796875,0.36616478860378265,0.5208295583724976,4
mubi_road__yolo26l_default__botsort__roi,mubi_road,yolo26l_default,YOLO26l default,botsort,roi,1996,truck,140.2,419.96666666666664,279.76666666666665,4206,12599,834.9998168945312,578.7194213867188,847.1141357421875,588.734130859375,0.437753539532423,0.48789381980895996,8
mubi_road__yolo26l_default__botsort__roi,mubi_road,yolo26l_default,YOLO26l default,botsort,roi,2000,truck,140.63333333333333,419.96666666666664,279.3333333333333,4219,12599,858.2211303710938,595.5406494140625,858.7993774414062,595.9991455078125,0.29543469846248627,0.32257118821144104,2
mubi_road__yolo26l_default__botsort__roi,mubi_road,yolo26l_default,YOLO26l default,botsort,roi,2016,car,143.3,144.26666666666668,0.9666666666666686,4299,4328,921.7841796875,562.1954345703125,893.9513549804688,598.7542724609375,0.31157215791089193,0.3850277364253998,14
mubi_road__yolo26l_default__botsort__roi,mubi_road,yolo26l_default,YOLO26l default,botsort,roi,2040,bus,142.83333333333334,143.53333333333333,0.6999999999999886,4285,4306,717.160888671875,560.0634765625,715.9554443359375,564.2236328125,0.2950049142042796,0.3221356272697449,3
mubi_road__yolo26l_default__botsort__roi,mubi_road,yolo26l_default,YOLO26l default,botsort,roi,2039,truck,143.73333333333332,144.56666666666666,0.8333333333333428,4312,4337,977.9306030273438,564.3388671875,969.051513671875,599.290771484375,0.32527193427085876,0.39114516973495483,11
mubi_road__yolo26l_default__botsort__roi,mubi_road,yolo26l_default,YOLO26l default,botsort,roi,2061,car,151.86666666666667,152.63333333333333,0.7666666666666515,4556,4579,793.4210205078125,561.0594482421875,751.5152587890625,598.951904296875,0.7703855555990468,0.8319008946418762,23
mubi_road__yolo26l_default__botsort__roi,mubi_road,yolo26l_default,YOLO26l default,botsort,roi,2013,truck,146.46666666666667,147.13333333333333,0.6666666666666572,4394,4414,890.8472290039062,560.654541015625,866.4183349609375,597.0960693359375,0.39807492223652924,0.5474340319633484,11
mubi_road__yolo26l_default__botsort__roi,mubi_road,yolo26l_default,YOLO26l default,botsort,roi,2069,car,170.7,171.23333333333332,0.5333333333333314,5121,5137,579.0588989257812,561.0921630859375,495.19561767578125,599.0360107421875,0.9103568829596043,0.9240459203720093,16
mubi_road__yolo26l_default__botsort__roi,mubi_road,yolo26l_default,YOLO26l default,botsort,roi,2115,car,154.5,155.13333333333333,0.6333333333333258,4635,4654,877.2205200195312,560.710693359375,843.80419921875,599.1351318359375,0.8491195095212836,0.8779676556587219,19
mubi_road__yolo26l_default__botsort__roi,mubi_road,yolo26l_default,YOLO26l default,botsort,roi,2168,car,151.4,151.7,0.29999999999998295,4542,4551,1214.5341796875,573.6183471679688,1210.2318115234375,563.4345703125,0.3484956622123718,0.456074982881546,5
mubi_road__yolo26l_default__botsort__roi,mubi_road,yolo26l_default,YOLO26l default,botsort,roi,2246,truck,158.56666666666666,159.0,0.4333333333333371,4757,4770,850.78857421875,567.7530517578125,828.1554565429688,598.4981689453125,0.31098526445302094,0.4162352979183197,11
mubi_road__yolo26l_default__botsort__roi,mubi_road,yolo26l_default,YOLO26l default,botsort,roi,2262,truck,157.93333333333334,158.63333333333333,0.6999999999999886,4738,4759,678.7235107421875,561.2219848632812,583.5526733398438,598.388916015625,0.37623514447893414,0.5587387084960938,21
mubi_road__yolo26l_default__botsort__roi,mubi_road,yolo26l_default,YOLO26l default,botsort,roi,2300,bus,159.03333333333333,419.96666666666664,260.9333333333333,4771,12599,911.1881103515625,561.654296875,911.1881103515625,561.654296875,0.2865177094936371,0.2865177094936371,1
mubi_road__yolo26l_default__botsort__roi,mubi_road,yolo26l_default,YOLO26l default,botsort,roi,2327,car,164.96666666666667,165.43333333333334,0.46666666666666856,4949,4963,758.308837890625,562.3405151367188,733.3720703125,591.6288452148438,0.40258945524692535,0.5199952721595764,8
mubi_road__yolo26l_default__botsort__roi,mubi_road,yolo26l_default,YOLO26l default,botsort,roi,2349,car,165.5,165.93333333333334,0.4333333333333371,4965,4978,864.7967529296875,561.73583984375,842.994140625,599.3248291015625,0.8453203302163345,0.868198812007904,13
mubi_road__yolo26l_default__botsort__roi,mubi_road,yolo26l_default,YOLO26l default,botsort,roi,2356,bus,161.0,161.4,0.4000000000000057,4830,4842,738.915771484375,562.8499145507812,705.7939453125,598.97705078125,0.37880536913871765,0.5142337679862976,11
mubi_road__yolo26l_default__botsort__roi,mubi_road,yolo26l_default,YOLO26l default,botsort,roi,2377,car,175.66666666666666,176.53333333333333,0.8666666666666742,5270,5296,488.53094482421875,560.5244750976562,418.04290771484375,596.966796875,0.33013487607240677,0.36892378330230713,8
mubi_road__yolo26l_default__botsort__roi,mubi_road,yolo26l_default,YOLO26l default,botsort,roi,2422,car,162.93333333333334,163.4,0.46666666666666856,4888,4902,618.9430541992188,566.1917724609375,537.401123046875,596.839599609375,0.40017161269982654,0.6101914644241333,12
mubi_road__yolo26l_default__botsort__roi,mubi_road,yolo26l_default,YOLO26l default,botsort,roi,2432,car,163.66666666666666,164.1,0.4333333333333371,4910,4923,591.1792602539062,560.7642211914062,517.8526000976562,598.76416015625,0.33942929139504063,0.4353024959564209,13
mubi_road__yolo26l_default__botsort__roi,mubi_road,yolo26l_default,YOLO26l default,botsort,roi,2442,car,164.46666666666667,164.86666666666667,0.4000000000000057,4934,4946,1151.2845458984375,597.7706298828125,1139.281494140625,562.7393188476562,0.8284177581469218,0.865432858467102,12
mubi_road__yolo26l_default__botsort__roi,mubi_road,yolo26l_default,YOLO26l default,botsort,roi,2464,car,177.23333333333332,177.8,0.5666666666666913,5317,5334,644.443359375,561.0519409179688,571.9143676757812,598.96044921875,0.8877164265688728,0.8957198262214661,17
mubi_road__yolo26l_default__botsort__roi,mubi_road,yolo26l_default,YOLO26l default,botsort,roi,2491,car,178.1,178.5,0.4000000000000057,5343,5355,862.7655639648438,561.0623168945312,851.345947265625,599.010009765625,0.8238224883874258,0.8686515688896179,12
mubi_road__yolo26l_default__botsort__roi,mubi_road,yolo26l_default,YOLO26l default,botsort,roi,2515,truck,172.73333333333332,173.2,0.46666666666666856,5182,5196,512.4420166015625,564.2818603515625,437.87481689453125,599.5966796875,0.5104829221963882,0.6587752103805542,14
mubi_road__yolo26l_default__botsort__roi,mubi_road,yolo26l_default,YOLO26l default,botsort,roi,2495,car,167.2,167.53333333333333,0.3333333333333428,5016,5026,778.7193603515625,565.980224609375,778.7193603515625,565.980224609375,0.38729149103164673,0.38729149103164673,1
mubi_road__yolo26l_default__botsort__roi,mubi_road,yolo26l_default,YOLO26l default,botsort,roi,2587,car,168.7,169.13333333333333,0.4333333333333371,5061,5074,696.6621704101562,560.717529296875,663.1336669921875,596.4080810546875,0.32687825461228687,0.39038440585136414,12
mubi_road__yolo26l_default__botsort__roi,mubi_road,yolo26l_default,YOLO26l default,botsort,roi,2611,truck,171.0,171.43333333333334,0.4333333333333371,5130,5143,817.2332763671875,561.102783203125,811.8193969726562,572.5970458984375,0.3267909685770671,0.42304688692092896,3
mubi_road__yolo26l_default__botsort__roi,mubi_road,yolo26l_default,YOLO26l default,botsort,roi,2772,bus,178.1,178.6,0.5,5343,5358,699.715576171875,561.8355102539062,667.3892822265625,597.19482421875,0.32388518850008646,0.39185333251953125,15
mubi_road__yolo26l_default__botsort__roi,mubi_road,yolo26l_default,YOLO26l default,botsort,roi,2766,bus,181.43333333333334,182.53333333333333,1.0999999999999943,5443,5476,555.33935546875,561.268798828125,439.69903564453125,599.7130126953125,0.44397951527075336,0.547203004360199,33
mubi_road__yolo26l_default__botsort__roi,mubi_road,yolo26l_default,YOLO26l default,botsort,roi,2825,car,177.6,177.66666666666666,0.06666666666666288,5328,5330,1230.400390625,598.9482421875,1229.965576171875,596.603759765625,0.5747473239898682,0.5896741151809692,2
mubi_road__yolo26l_default__botsort__roi,mubi_road,yolo26l_default,YOLO26l default,botsort,roi,2825,car,177.73333333333332,178.36666666666667,0.6333333333333542,5332,5351,1227.232177734375,592.30517578125,1212.033203125,560.6998291015625,0.49104863091519,0.6339855790138245,19
mubi_road__yolo26l_default__botsort__roi,mubi_road,yolo26l_default,YOLO26l default,botsort,roi,2865,car,178.83333333333334,179.36666666666667,0.5333333333333314,5365,5381,1119.933837890625,599.7548828125,1107.0650634765625,560.2119140625,0.8195889182388783,0.8597491979598999,16
mubi_road__yolo26l_default__botsort__roi,mubi_road,yolo26l_default,YOLO26l default,botsort,roi,2984,car,196.06666666666666,196.4,0.3333333333333428,5882,5892,909.8080444335938,560.4107666015625,889.3637084960938,597.3391723632812,0.8581571340560913,0.8858840465545654,10
mubi_road__yolo26l_default__botsort__roi,mubi_road,yolo26l_default,YOLO26l default,botsort,roi,3009,car,182.63333333333333,183.26666666666668,0.6333333333333542,5479,5498,1241.296630859375,597.393310546875,1229.814208984375,563.99267578125,0.5073795860463922,0.7090163826942444,11
mubi_road__yolo26l_default__botsort__roi,mubi_road,yolo26l_default,YOLO26l default,botsort,roi,3016,car,185.23333333333332,185.7,0.46666666666666856,5557,5571,682.9077758789062,563.7899780273438,661.653564453125,593.0176391601562,0.3148254667009626,0.3741868734359741,7
mubi_road__yolo26l_default__botsort__roi,mubi_road,yolo26l_default,YOLO26l default,botsort,roi,2962,truck,190.83333333333334,191.2,0.3666666666666458,5725,5736,853.0914306640625,564.8703002929688,840.5432739257812,598.1922607421875,0.28203948338826496,0.3019159138202667,3
mubi_road__yolo26l_default__botsort__roi,mubi_road,yolo26l_default,YOLO26l default,botsort,roi,3139,car,187.7,187.93333333333334,0.2333333333333485,5631,5638,1254.4443359375,597.6578369140625,1247.2921142578125,563.3223876953125,0.3694714978337288,0.5166054368019104,4
mubi_road__yolo26l_default__botsort__roi,mubi_road,yolo26l_default,YOLO26l default,botsort,roi,3144,car,188.73333333333332,189.06666666666666,0.3333333333333428,5662,5672,447.34381103515625,585.6217041015625,545.4124755859375,564.9094848632812,0.3199347108602524,0.38166147470474243,4
mubi_road__yolo26l_default__botsort__roi,mubi_road,yolo26l_default,YOLO26l default,botsort,roi,3144,car,189.76666666666668,193.43333333333334,3.666666666666657,5693,5803,547.957275390625,560.0574340820312,463.079833984375,598.609375,0.2807234352634799,0.3623603880405426,31
mubi_road__yolo26l_default__botsort__roi,mubi_road,yolo26l_default,YOLO26l default,botsort,roi,3165,truck,198.63333333333333,199.03333333333333,0.4000000000000057,5959,5971,685.052490234375,561.2718505859375,637.0220947265625,592.3117065429688,0.33593637943267823,0.41188064217567444,10
mubi_road__yolo26l_default__botsort__roi,mubi_road,yolo26l_default,YOLO26l default,botsort,roi,3221,car,196.86666666666667,197.16666666666666,0.29999999999998295,5906,5915,701.9176025390625,563.1093139648438,640.5678100585938,598.74853515625,0.8889202541775174,0.8984493017196655,9
mubi_road__yolo26l_default__botsort__roi,mubi_road,yolo26l_default,YOLO26l default,botsort,roi,3300,car,213.5,213.9,0.4000000000000057,6405,6417,716.6813354492188,561.7515258789062,682.625732421875,596.6790771484375,0.41586511582136154,0.5220872163772583,12
mubi_road__yolo26l_default__botsort__roi,mubi_road,yolo26l_default,YOLO26l default,botsort,roi,3397,car,202.73333333333332,203.23333333333332,0.5,6082,6097,1218.098388671875,599.6182861328125,1199.4107666015625,562.5548095703125,0.8223772883415222,0.8388711214065552,15
mubi_road__yolo26l_default__botsort__roi,mubi_road,yolo26l_default,YOLO26l default,botsort,roi,3398,car,202.53333333333333,203.03333333333333,0.5,6076,6091,830.1177978515625,562.7509765625,804.10546875,599.3080444335938,0.3531560331583023,0.5226871371269226,10
mubi_road__yolo26l_default__botsort__roi,mubi_road,yolo26l_default,YOLO26l default,botsort,roi,3406,car,201.96666666666667,202.4,0.4333333333333371,6059,6072,815.361328125,566.7281494140625,789.580810546875,598.8599853515625,0.44076333194971085,0.565994918346405,8
mubi_road__yolo26l_default__botsort__roi,mubi_road,yolo26l_default,YOLO26l default,botsort,roi,3419,car,204.3,204.76666666666668,0.46666666666666856,6129,6143,698.7918701171875,561.4869384765625,623.3785400390625,599.5333251953125,0.4092251935175487,0.5582237243652344,14
mubi_road__yolo26l_default__botsort__roi,mubi_road,yolo26l_default,YOLO26l default,botsort,roi,3432,car,204.9,205.33333333333334,0.4333333333333371,6147,6160,807.6940307617188,560.0439453125,784.4141845703125,594.193115234375,0.3811125403100794,0.514502763748169,11
mubi_road__yolo26l_default__botsort__roi,mubi_road,yolo26l_default,YOLO26l default,botsort,roi,3467,bus,205.53333333333333,206.2,0.6666666666666572,6166,6186,880.4163818359375,562.02587890625,860.8843994140625,598.9105224609375,0.3141707442700863,0.4059757590293884,8
mubi_road__yolo26l_default__botsort__roi,mubi_road,yolo26l_default,YOLO26l default,botsort,roi,3490,car,214.03333333333333,214.83333333333334,0.8000000000000114,6421,6445,499.05999755859375,561.6796264648438,391.04034423828125,595.6275634765625,0.3108226970622414,0.5104118585586548,19
mubi_road__yolo26l_default__botsort__roi,mubi_road,yolo26l_default,YOLO26l default,botsort,roi,3662,bus,220.0,220.2,0.19999999999998863,6600,6606,594.393798828125,578.1644897460938,571.430908203125,599.1718139648438,0.29123716056346893,0.3224961757659912,4
mubi_road__yolo26l_default__botsort__roi,mubi_road,yolo26l_default,YOLO26l default,botsort,roi,3751,car,215.96666666666667,419.96666666666664,203.99999999999997,6479,12599,1250.495849609375,590.92626953125,1250.101318359375,586.7363891601562,0.35387712717056274,0.3863104581832886,2
mubi_road__yolo26l_default__botsort__roi,mubi_road,yolo26l_default,YOLO26l default,botsort,roi,3786,truck,223.9,224.23333333333332,0.3333333333333144,6717,6727,737.3345336914062,564.98046875,726.620361328125,581.4268188476562,0.25834346810976666,0.2630351483821869,3
mubi_road__yolo26l_default__botsort__roi,mubi_road,yolo26l_default,YOLO26l default,botsort,roi,3800,bus,225.13333333333333,225.43333333333334,0.30000000000001137,6754,6763,617.4833984375,574.2085571289062,600.24658203125,594.8858032226562,0.27617714802424115,0.28905704617500305,3
mubi_road__yolo26l_default__botsort__roi,mubi_road,yolo26l_default,YOLO26l default,botsort,roi,4046,car,243.03333333333333,243.56666666666666,0.5333333333333314,7291,7307,622.9188232421875,560.6040649414062,588.1204223632812,598.642578125,0.8797588124871254,0.8912661671638489,16
mubi_road__yolo26l_default__botsort__roi,mubi_road,yolo26l_default,YOLO26l default,botsort,roi,4089,car,249.76666666666668,250.33333333333334,0.5666666666666629,7493,7510,748.8554077148438,560.6361083984375,728.90625,599.7103271484375,0.8500526196816388,0.8697804808616638,17
mubi_road__yolo26l_default__botsort__roi,mubi_road,yolo26l_default,YOLO26l default,botsort,roi,4092,car,246.16666666666666,246.7,0.5333333333333314,7385,7401,739.5831909179688,561.1532592773438,727.2718505859375,599.9647216796875,0.76326934248209,0.789312481880188,16
mubi_road__yolo26l_default__botsort__roi,mubi_road,yolo26l_default,YOLO26l default,botsort,roi,4122,car,235.06666666666666,235.2,0.13333333333332575,7052,7056,1237.41455078125,565.8826904296875,1237.41455078125,565.8826904296875,0.3945537805557251,0.3945537805557251,1
mubi_road__yolo26l_default__botsort__roi,mubi_road,yolo26l_default,YOLO26l default,botsort,roi,4075,truck,239.43333333333334,419.96666666666664,180.5333333333333,7183,12599,543.551025390625,586.4630126953125,543.551025390625,586.4630126953125,0.34874334931373596,0.34874334931373596,1
mubi_road__yolo26l_default__botsort__roi,mubi_road,yolo26l_default,YOLO26l default,botsort,roi,4198,car,239.46666666666667,239.6,0.13333333333332575,7184,7188,701.6236572265625,590.3560180664062,695.9052734375,599.0164794921875,0.36457058787345886,0.4068288505077362,4
mubi_road__yolo26l_default__botsort__roi,mubi_road,yolo26l_default,YOLO26l default,botsort,roi,4266,car,248.23333333333332,248.66666666666666,0.4333333333333371,7447,7460,606.5009765625,564.1260986328125,559.8662109375,599.6614990234375,0.30556588087763104,0.3693406581878662,7
mubi_road__yolo26l_default__botsort__roi,mubi_road,yolo26l_default,YOLO26l default,botsort,roi,4322,car,259.73333333333335,260.26666666666665,0.533333333333303,7792,7808,791.7818603515625,562.1207885742188,781.6087036132812,599.8416748046875,0.6966689042747021,0.7819088101387024,16
mubi_road__yolo26l_default__botsort__roi,mubi_road,yolo26l_default,YOLO26l default,botsort,roi,4381,bus,250.9,251.46666666666667,0.5666666666666629,7527,7544,604.6473388671875,560.1188354492188,547.4356689453125,598.2159423828125,0.29421497715844047,0.3450949192047119,9
mubi_road__yolo26l_default__botsort__roi,mubi_road,yolo26l_default,YOLO26l default,botsort,roi,4418,bus,249.1,419.96666666666664,170.86666666666665,7473,12599,1119.52490234375,563.2322387695312,1119.52490234375,563.2322387695312,0.38638103008270264,0.38638103008270264,1
mubi_road__yolo26l_default__botsort__roi,mubi_road,yolo26l_default,YOLO26l default,botsort,roi,4491,car,252.2,252.9,0.700000000000017,7566,7587,1102.3175048828125,599.6181640625,1072.929443359375,561.480224609375,0.32153693834940594,0.4755920171737671,15
mubi_road__yolo26l_default__botsort__roi,mubi_road,yolo26l_default,YOLO26l default,botsort,roi,4530,bus,253.4,253.5,0.09999999999999432,7602,7605,1179.0057373046875,563.1443481445312,1175.177490234375,560.860595703125,0.44235847393671673,0.47092100977897644,3
mubi_road__yolo26l_default__botsort__roi,mubi_road,yolo26l_default,YOLO26l default,botsort,roi,4496,truck,258.9,259.53333333333336,0.6333333333333826,7767,7786,605.608154296875,567.4537353515625,583.6220092773438,598.8623046875,0.4028851734964471,0.4866722524166107,19
mubi_road__yolo26l_default__botsort__roi,mubi_road,yolo26l_default,YOLO26l default,botsort,roi,4622,bus,259.4,260.1,0.7000000000000455,7782,7803,698.0284423828125,561.1614990234375,696.4453125,569.6245727539062,0.3181741386651993,0.3194003701210022,2
mubi_road__yolo26l_default__botsort__roi,mubi_road,yolo26l_default,YOLO26l default,botsort,roi,4644,car,258.53333333333336,258.96666666666664,0.4333333333332803,7756,7769,1172.314453125,577.161376953125,1154.93701171875,560.783935546875,0.3603937396636376,0.45642751455307007,13
mubi_road__yolo26l_default__botsort__roi,mubi_road,yolo26l_default,YOLO26l default,botsort,roi,4729,car,262.46666666666664,262.93333333333334,0.466666666666697,7874,7888,1038.865234375,585.5946044921875,1025.9259033203125,561.6119384765625,0.3151874355971813,0.3704635500907898,8
mubi_road__yolo26l_default__botsort__roi,mubi_road,yolo26l_default,YOLO26l default,botsort,roi,4733,car,262.7,264.43333333333334,1.7333333333333485,7881,7933,1248.4195556640625,563.274658203125,1249.833740234375,562.651611328125,0.4228094919369771,0.6024481058120728,52
mubi_road__yolo26l_default__botsort__roi,mubi_road,yolo26l_default,YOLO26l default,botsort,roi,4746,truck,262.93333333333334,419.96666666666664,157.0333333333333,7888,12599,1158.63427734375,581.000244140625,1158.63427734375,581.000244140625,0.3265794515609741,0.3265794515609741,1
mubi_road__yolo26l_default__botsort__roi,mubi_road,yolo26l_default,YOLO26l default,botsort,roi,4643,bus,265.6,266.03333333333336,0.4333333333333371,7968,7981,691.3831787109375,591.90087890625,688.5369873046875,596.0012817382812,0.34916025400161743,0.35971441864967346,3
mubi_road__yolo26l_default__botsort__roi,mubi_road,yolo26l_default,YOLO26l default,botsort,roi,4721,truck,267.73333333333335,419.96666666666664,152.2333333333333,8032,12599,684.5032348632812,566.1937255859375,657.02978515625,569.8904418945312,0.2966614030301571,0.39448976516723633,8
mubi_road__yolo26l_default__botsort__roi,mubi_road,yolo26l_default,YOLO26l default,botsort,roi,4832,car,266.8666666666667,419.96666666666664,153.09999999999997,8006,12599,1176.98681640625,573.0203247070312,1176.98681640625,573.0203247070312,0.32319775223731995,0.32319775223731995,1
mubi_road__yolo26l_default__botsort__roi,mubi_road,yolo26l_default,YOLO26l default,botsort,roi,4860,car,268.1,268.43333333333334,0.3333333333333144,8043,8053,1239.411376953125,569.4708251953125,1239.411376953125,569.4708251953125,0.3336195945739746,0.3336195945739746,1
mubi_road__yolo26l_default__botsort__roi,mubi_road,yolo26l_default,YOLO26l default,botsort,roi,4860,car,268.96666666666664,269.1333333333333,0.16666666666668561,8069,8074,1241.747802734375,566.9423828125,1242.598388671875,586.95068359375,0.3909449279308319,0.4515657126903534,3
mubi_road__yolo26l_default__botsort__roi,mubi_road,yolo26l_default,YOLO26l default,botsort,roi,4873,bus,270.8333333333333,272.1666666666667,1.3333333333333712,8125,8165,1074.12939453125,595.9993896484375,1046.30126953125,560.0353393554688,0.3055882900953293,0.4921366572380066,10
mubi_road__yolo26l_default__botsort__roi,mubi_road,yolo26l_default,YOLO26l default,botsort,roi,4875,bus,268.76666666666665,268.8666666666667,0.10000000000002274,8063,8066,471.96435546875,596.8082885742188,470.7380065917969,598.6702880859375,0.3623827397823334,0.372233510017395,3
mubi_road__yolo26l_default__botsort__roi,mubi_road,yolo26l_default,YOLO26l default,botsort,roi,4886,car,280.3333333333333,280.9,0.5666666666666629,8410,8427,710.21044921875,560.4421997070312,694.8297119140625,598.8728637695312,0.7717673883718603,0.820950448513031,17
mubi_road__yolo26l_default__botsort__roi,mubi_road,yolo26l_default,YOLO26l default,botsort,roi,4895,car,272.1666666666667,273.3666666666667,1.1999999999999886,8165,8201,982.134765625,599.947265625,953.92333984375,561.9793701171875,0.33558779060840604,0.551758885383606,10
mubi_road__yolo26l_default__botsort__roi,mubi_road,yolo26l_default,YOLO26l default,botsort,roi,4905,car,273.8666666666667,274.93333333333334,1.0666666666666629,8216,8248,932.2195434570312,599.9442138671875,917.6919555664062,560.724609375,0.4280407450028828,0.6793788075447083,28
mubi_road__yolo26l_default__botsort__roi,mubi_road,yolo26l_default,YOLO26l default,botsort,roi,4826,bus,272.73333333333335,273.8,1.0666666666666629,8182,8214,632.453857421875,592.2208251953125,628.2452392578125,596.2869873046875,0.3350820243358612,0.37907642126083374,4
mubi_road__yolo26l_default__botsort__roi,mubi_road,yolo26l_default,YOLO26l default,botsort,roi,4960,car,277.93333333333334,419.96666666666664,142.0333333333333,8338,12599,1179.1177978515625,595.7791748046875,1177.67578125,566.48486328125,0.31927181482315065,0.4421824514865875,10
mubi_road__yolo26l_default__botsort__roi,mubi_road,yolo26l_default,YOLO26l default,botsort,roi,4957,truck,282.53333333333336,419.96666666666664,137.43333333333328,8476,12599,630.0596923828125,564.4283447265625,630.0596923828125,564.4283447265625,0.28511354327201843,0.28511354327201843,1
mubi_road__yolo26l_default__botsort__roi,mubi_road,yolo26l_default,YOLO26l default,botsort,roi,5003,car,284.96666666666664,285.76666666666665,0.8000000000000114,8549,8573,660.5556640625,560.3441162109375,628.118408203125,589.9346923828125,0.3409382738173008,0.430724173784256,16
mubi_road__yolo26l_default__botsort__roi,mubi_road,yolo26l_default,YOLO26l default,botsort,roi,5012,car,290.1666666666667,290.76666666666665,0.5999999999999659,8705,8723,696.8953857421875,560.0574951171875,676.5906372070312,599.3596801757812,0.82318847378095,0.8683492541313171,18
mubi_road__yolo26l_default__botsort__roi,mubi_road,yolo26l_default,YOLO26l default,botsort,roi,5018,car,280.2,280.73333333333335,0.5333333333333599,8406,8422,1006.626708984375,598.13427734375,988.9825439453125,561.0534057617188,0.6567026283591986,0.7417303323745728,16
mubi_road__yolo26l_default__botsort__roi,mubi_road,yolo26l_default,YOLO26l default,botsort,roi,5050,car,282.3333333333333,285.6,3.2666666666667084,8470,8568,1180.7303466796875,571.5203247070312,1195.611328125,560.4541015625,0.337273730990592,0.46605241298675537,89
mubi_road__yolo26l_default__botsort__roi,mubi_road,yolo26l_default,YOLO26l default,botsort,roi,5096,car,287.06666666666666,287.53333333333336,0.466666666666697,8612,8626,981.0259399414062,597.6654052734375,963.0028076171875,562.6224975585938,0.8337926481451307,0.862258791923523,14
mubi_road__yolo26l_default__botsort__roi,mubi_road,yolo26l_default,YOLO26l default,botsort,roi,5153,car,289.46666666666664,290.06666666666666,0.6000000000000227,8684,8702,1040.10498046875,598.7935180664062,1017.065673828125,560.142333984375,0.8724665409988828,0.8814369440078735,18
mubi_road__yolo26l_default__botsort__roi,mubi_road,yolo26l_default,YOLO26l default,botsort,roi,5172,car,293.2,293.53333333333336,0.33333333333337123,8796,8806,1218.055908203125,561.2158203125,1218.514892578125,560.492431640625,0.37865012884140015,0.4235129952430725,4
mubi_road__yolo26l_default__botsort__roi,mubi_road,yolo26l_default,YOLO26l default,botsort,roi,5172,car,294.0,294.06666666666666,0.06666666666666288,8820,8822,1218.167724609375,560.0159912109375,1217.8917236328125,560.3745727539062,0.2787972688674927,0.2806539237499237,2
mubi_road__yolo26l_default__botsort__roi,mubi_road,yolo26l_default,YOLO26l default,botsort,roi,5172,car,294.1,419.96666666666664,125.86666666666662,8823,12599,1218.354736328125,560.4871826171875,1220.97998046875,575.2620849609375,0.3198579140007496,0.4302401840686798,24
mubi_road__yolo26l_default__botsort__roi,mubi_road,yolo26l_default,YOLO26l default,botsort,roi,5180,truck,292.46666666666664,293.2,0.7333333333333485,8774,8796,688.5598754882812,565.0264892578125,680.3182373046875,583.832763671875,0.2839594781398773,0.3113146126270294,2
mubi_road__yolo26l_default__botsort__roi,mubi_road,yolo26l_default,YOLO26l default,botsort,roi,5244,car,300.1,419.96666666666664,119.86666666666662,9003,12599,630.1637573242188,563.3248901367188,630.1637573242188,563.3248901367188,0.2883641719818115,0.2883641719818115,1
mubi_road__yolo26l_default__botsort__roi,mubi_road,yolo26l_default,YOLO26l default,botsort,roi,5382,bus,298.73333333333335,300.23333333333335,1.5,8962,9007,1058.5238037109375,585.3231811523438,1058.5238037109375,585.3231811523438,0.409864217042923,0.409864217042923,1
mubi_road__yolo26l_default__botsort__roi,mubi_road,yolo26l_default,YOLO26l default,botsort,roi,5501,car,311.1666666666667,312.06666666666666,0.8999999999999773,9335,9362,949.859619140625,599.25390625,937.8302612304688,563.7014770507812,0.6675412367891382,0.7750017642974854,27
mubi_road__yolo26l_default__botsort__roi,mubi_road,yolo26l_default,YOLO26l default,botsort,roi,5509,bus,310.4,310.8666666666667,0.466666666666697,9312,9326,776.1853637695312,582.7473754882812,772.347900390625,598.1029052734375,0.3600275417168935,0.46535900235176086,12
mubi_road__yolo26l_default__botsort__roi,mubi_road,yolo26l_default,YOLO26l default,botsort,roi,5551,car,313.1,313.3,0.19999999999998863,9393,9399,968.9334716796875,597.289306640625,965.162353515625,565.4249267578125,0.7641362349192301,0.8096505999565125,6
mubi_road__yolo26l_default__botsort__roi,mubi_road,yolo26l_default,YOLO26l default,botsort,roi,5507,car,316.6666666666667,317.53333333333336,0.8666666666666742,9500,9526,684.4932861328125,564.6558837890625,682.091064453125,566.3206787109375,0.3878154555956523,0.4847368597984314,3
mubi_road__yolo26l_default__botsort__roi,mubi_road,yolo26l_default,YOLO26l default,botsort,roi,5668,car,317.6333333333333,419.96666666666664,102.33333333333331,9529,12599,1196.777587890625,567.7528686523438,1192.1031494140625,574.1375732421875,0.31292820572853086,0.3496370315551758,10
mubi_road__yolo26l_default__botsort__roi,mubi_road,yolo26l_default,YOLO26l default,botsort,roi,5719,car,331.3333333333333,332.0,0.6666666666666856,9940,9960,691.485107421875,561.401123046875,676.304443359375,598.3956298828125,0.8330309927463532,0.8633803725242615,20
mubi_road__yolo26l_default__botsort__roi,mubi_road,yolo26l_default,YOLO26l default,botsort,roi,5720,bus,320.5,419.96666666666664,99.46666666666664,9615,12599,1009.8779296875,599.3031005859375,990.57568359375,569.9320068359375,0.35600726306438446,0.4158180356025696,6
mubi_road__yolo26l_default__botsort__roi,mubi_road,yolo26l_default,YOLO26l default,botsort,roi,5733,bus,320.6666666666667,419.96666666666664,99.29999999999995,9620,12599,1005.5579833984375,591.8173828125,1002.8525390625,587.8856201171875,0.36294854680697125,0.40159907937049866,3
mubi_road__yolo26l_default__botsort__roi,mubi_road,yolo26l_default,YOLO26l default,botsort,roi,5739,bus,320.93333333333334,419.96666666666664,99.0333333333333,9628,12599,998.111328125,579.73291015625,997.5623779296875,577.9422607421875,0.30135586857795715,0.3309932053089142,2
mubi_road__yolo26l_default__botsort__roi,mubi_road,yolo26l_default,YOLO26l default,botsort,roi,5746,bus,321.26666666666665,419.96666666666664,98.69999999999999,9638,12599,990.256591796875,571.9500732421875,990.256591796875,571.9500732421875,0.37539827823638916,0.37539827823638916,1
mubi_road__yolo26l_default__botsort__roi,mubi_road,yolo26l_default,YOLO26l default,botsort,roi,5727,bus,322.03333333333336,323.6666666666667,1.6333333333333258,9661,9710,733.037109375,569.265625,722.0947265625,560.59521484375,0.3851542353630066,0.5329832434654236,40
mubi_road__yolo26l_default__botsort__roi,mubi_road,yolo26l_default,YOLO26l default,botsort,roi,5727,bus,324.8,325.96666666666664,1.1666666666666288,9744,9779,716.3133544921875,560.4431762695312,706.6289672851562,591.285888671875,0.3935549822118547,0.4675472676753998,9
mubi_road__yolo26l_default__botsort__roi,mubi_road,yolo26l_default,YOLO26l default,botsort,roi,5774,bus,322.4,419.96666666666664,97.56666666666666,9672,12599,732.1998291015625,586.4749755859375,731.4969482421875,586.5263671875,0.31743939220905304,0.4056800305843353,4
mubi_road__yolo26l_default__botsort__roi,mubi_road,yolo26l_default,YOLO26l default,botsort,roi,5786,bus,323.23333333333335,419.96666666666664,96.73333333333329,9697,12599,727.1778564453125,565.9241333007812,726.9031372070312,566.0405883789062,0.4503510296344757,0.47050610184669495,2
mubi_road__yolo26l_default__botsort__roi,mubi_road,yolo26l_default,YOLO26l default,botsort,roi,5851,bus,325.4,419.96666666666664,94.56666666666666,9762,12599,709.1688232421875,583.140869140625,709.1688232421875,583.140869140625,0.388994038105011,0.388994038105011,1
mubi_road__yolo26l_default__botsort__roi,mubi_road,yolo26l_default,YOLO26l default,botsort,roi,5856,bus,325.6333333333333,419.96666666666664,94.33333333333331,9769,12599,705.816650390625,593.58251953125,705.315185546875,595.46875,0.31417545676231384,0.3285801410675049,2
mubi_road__yolo26l_default__botsort__roi,mubi_road,yolo26l_default,YOLO26l default,botsort,roi,5740,truck,328.93333333333334,329.43333333333334,0.5,9868,9883,698.80322265625,576.91357421875,688.3367919921875,597.8207397460938,0.284712349375089,0.3333103358745575,6
mubi_road__yolo26l_default__botsort__roi,mubi_road,yolo26l_default,YOLO26l default,botsort,roi,5941,car,331.3333333333333,332.1666666666667,0.8333333333333712,9940,9965,1116.116455078125,588.3917846679688,1082.499755859375,560.8919677734375,0.3192765985925992,0.4622710943222046,12
mubi_road__yolo26l_default__botsort__roi,mubi_road,yolo26l_default,YOLO26l default,botsort,roi,5972,car,331.46666666666664,419.96666666666664,88.5,9944,12599,1207.90283203125,569.1558837890625,1217.4493408203125,569.8291015625,0.30326817081524776,0.36154305934906006,65
mubi_road__yolo26l_default__botsort__roi,mubi_road,yolo26l_default,YOLO26l default,botsort,roi,5933,bus,333.46666666666664,419.96666666666664,86.5,10004,12599,656.326416015625,562.624755859375,636.5003662109375,599.6485595703125,0.3920842446386814,0.46212029457092285,8
mubi_road__yolo26l_default__botsort__roi,mubi_road,yolo26l_default,YOLO26l default,botsort,roi,6023,car,339.3333333333333,339.8666666666667,0.5333333333333599,10180,10196,746.8521118164062,561.3670654296875,736.204345703125,594.4794921875,0.42657934315502644,0.6939181685447693,16
mubi_road__yolo26l_default__botsort__roi,mubi_road,yolo26l_default,YOLO26l default,botsort,roi,6034,bus,334.03333333333336,334.9,0.8666666666666174,10021,10047,1088.224365234375,597.8900146484375,1052.728759765625,560.543212890625,0.3866090795823506,0.5600947737693787,14
mubi_road__yolo26l_default__botsort__roi,mubi_road,yolo26l_default,YOLO26l default,botsort,roi,5913,bus,336.4,337.03333333333336,0.6333333333333826,10092,10111,607.264892578125,585.1842041015625,598.6807861328125,595.347900390625,0.3220554143190384,0.3765678405761719,4
mubi_road__yolo26l_default__botsort__roi,mubi_road,yolo26l_default,YOLO26l default,botsort,roi,6064,car,344.5,345.1333333333333,0.6333333333333258,10335,10354,725.853759765625,560.0859375,709.858154296875,598.3165283203125,0.7427654705549541,0.7913588285446167,19
mubi_road__yolo26l_default__botsort__roi,mubi_road,yolo26l_default,YOLO26l default,botsort,roi,6066,bus,338.06666666666666,338.96666666666664,0.8999999999999773,10142,10169,1098.04833984375,598.5194091796875,1078.532470703125,568.18603515625,0.2997872730096181,0.3263687193393707,3
mubi_road__yolo26l_default__botsort__roi,mubi_road,yolo26l_default,YOLO26l default,botsort,roi,6073,car,340.0,340.76666666666665,0.7666666666666515,10200,10223,1078.0643310546875,599.6165771484375,1057.85791015625,561.0458984375,0.6956943299459375,0.787668764591217,23
mubi_road__yolo26l_default__botsort__roi,mubi_road,yolo26l_default,YOLO26l default,botsort,roi,6075,car,340.03333333333336,340.96666666666664,0.9333333333332803,10201,10229,956.4107055664062,598.5249633789062,951.5317993164062,560.8759155273438,0.756768775837762,0.8324251770973206,28
mubi_road__yolo26l_default__botsort__roi,mubi_road,yolo26l_default,YOLO26l default,botsort,roi,6091,car,340.9,341.6666666666667,0.7666666666667084,10227,10250,1013.7652587890625,599.129638671875,1011.92919921875,560.9005737304688,0.33642678521573544,0.44925057888031006,16
mubi_road__yolo26l_default__botsort__roi,mubi_road,yolo26l_default,YOLO26l default,botsort,roi,6096,car,340.9,419.96666666666664,79.06666666666666,10227,12599,1224.2120361328125,588.3143310546875,1224.63330078125,586.921875,0.289074569940567,0.32067397236824036,7
mubi_road__yolo26l_default__botsort__roi,mubi_road,yolo26l_default,YOLO26l default,botsort,roi,6105,car,356.1,356.7,0.5999999999999659,10683,10701,845.9763793945312,561.5576171875,829.3744506835938,599.62109375,0.6816290186511146,0.7875263094902039,18
mubi_road__yolo26l_default__botsort__roi,mubi_road,yolo26l_default,YOLO26l default,botsort,roi,6108,bus,341.6,419.96666666666664,78.36666666666662,10248,12599,630.3634033203125,596.791748046875,630.3634033203125,596.791748046875,0.4039885699748993,0.4039885699748993,1
mubi_road__yolo26l_default__botsort__roi,mubi_road,yolo26l_default,YOLO26l default,botsort,roi,6141,car,347.7,348.6333333333333,0.9333333333333371,10431,10459,944.6292724609375,599.3720092773438,936.443603515625,561.6451416015625,0.6525418417794364,0.7384331822395325,28
mubi_road__yolo26l_default__botsort__roi,mubi_road,yolo26l_default,YOLO26l default,botsort,roi,6147,truck,352.1666666666667,419.96666666666664,67.79999999999995,10565,12599,695.11474609375,595.8936767578125,695.11474609375,595.8936767578125,0.2539508044719696,0.2539508044719696,1
mubi_road__yolo26l_default__botsort__roi,mubi_road,yolo26l_default,YOLO26l default,botsort,roi,6247,car,362.46666666666664,363.06666666666666,0.6000000000000227,10874,10892,819.4736328125,561.603515625,797.0653076171875,598.8416748046875,0.6263735012875663,0.7356321811676025,18
mubi_road__yolo26l_default__botsort__roi,mubi_road,yolo26l_default,YOLO26l default,botsort,roi,6321,car,357.8,358.1,0.30000000000001137,10734,10743,1107.85205078125,599.3168334960938,1098.75732421875,564.0892944335938,0.5290967921415964,0.6254640221595764,9
mubi_road__yolo26l_default__botsort__roi,mubi_road,yolo26l_default,YOLO26l default,botsort,roi,6315,bus,360.2,360.93333333333334,0.7333333333333485,10806,10828,732.1121826171875,583.78564453125,719.45361328125,598.3672485351562,0.29020410279432934,0.3621966540813446,6
mubi_road__yolo26l_default__botsort__roi,mubi_road,yolo26l_default,YOLO26l default,botsort,roi,6437,car,363.9,364.3,0.4000000000000341,10917,10929,1248.758056640625,599.3010864257812,1241.14697265625,561.9840698242188,0.3369053900241852,0.4047601521015167,11
mubi_road__yolo26l_default__botsort__roi,mubi_road,yolo26l_default,YOLO26l default,botsort,roi,6447,car,371.6666666666667,372.1,0.4333333333333371,11150,11163,754.4507446289062,561.8141479492188,732.628662109375,599.3543701171875,0.8257226210374099,0.8631139397621155,13
mubi_road__yolo26l_default__botsort__roi,mubi_road,yolo26l_default,YOLO26l default,botsort,roi,6506,car,369.1,369.73333333333335,0.6333333333333258,11073,11092,1246.04931640625,598.11376953125,1233.982177734375,560.4752807617188,0.7262201340574967,0.8083703517913818,19
mubi_road__yolo26l_default__botsort__roi,mubi_road,yolo26l_default,YOLO26l default,botsort,roi,6517,bus,369.7,370.1666666666667,0.466666666666697,11091,11105,668.7576904296875,562.4463500976562,644.7266845703125,598.2391967773438,0.30708461403846743,0.3691849112510681,10
mubi_road__yolo26l_default__botsort__roi,mubi_road,yolo26l_default,YOLO26l default,botsort,roi,6503,truck,373.1666666666667,419.96666666666664,46.799999999999955,11195,12599,884.0707397460938,564.1419677734375,882.7615966796875,568.4957275390625,0.32475313544273376,0.39246392250061035,3
mubi_road__yolo26l_default__botsort__roi,mubi_road,yolo26l_default,YOLO26l default,botsort,roi,6527,truck,373.5,374.0,0.5,11205,11220,713.7437133789062,562.4065551757812,692.7220458984375,590.7351684570312,0.2916180849075317,0.3534233868122101,10
mubi_road__yolo26l_default__botsort__roi,mubi_road,yolo26l_default,YOLO26l default,botsort,roi,6530,car,370.8333333333333,371.26666666666665,0.4333333333333371,11125,11138,1254.55908203125,579.82568359375,1248.11669921875,565.0543212890625,0.30229566991329193,0.33849918842315674,6
mubi_road__yolo26l_default__botsort__roi,mubi_road,yolo26l_default,YOLO26l default,botsort,roi,6563,bus,378.9,379.4,0.5,11367,11382,778.518310546875,562.6629028320312,760.6172485351562,597.2489013671875,0.3900836358467738,0.5671770572662354,12
mubi_road__yolo26l_default__botsort__roi,mubi_road,yolo26l_default,YOLO26l default,botsort,roi,6653,car,387.1666666666667,387.76666666666665,0.5999999999999659,11615,11633,826.906494140625,561.2518310546875,810.7413330078125,599.9721069335938,0.8435840871598985,0.8587494492530823,18
mubi_road__yolo26l_default__botsort__roi,mubi_road,yolo26l_default,YOLO26l default,botsort,roi,6717,car,388.76666666666665,389.3333333333333,0.5666666666666629,11663,11680,844.6051025390625,560.6458129882812,836.945556640625,598.38720703125,0.7115897185662213,0.7878744602203369,17
mubi_road__yolo26l_default__botsort__roi,mubi_road,yolo26l_default,YOLO26l default,botsort,roi,6726,car,388.03333333333336,388.6,0.5666666666666629,11641,11658,781.84521484375,560.89892578125,766.5187377929688,597.5858154296875,0.5566901038674748,0.7234768271446228,17
mubi_road__yolo26l_default__botsort__roi,mubi_road,yolo26l_default,YOLO26l default,botsort,roi,6730,bus,385.73333333333335,419.96666666666664,34.23333333333329,11572,12599,783.7391357421875,563.3861083984375,767.0450439453125,594.90087890625,0.3064775764942169,0.3895041048526764,5
mubi_road__yolo26l_default__botsort__roi,mubi_road,yolo26l_default,YOLO26l default,botsort,roi,6811,truck,397.26666666666665,397.8666666666667,0.6000000000000227,11918,11936,728.5869140625,560.75244140625,709.5595703125,595.66650390625,0.3539595492184162,0.4484441876411438,16
mubi_road__yolo26l_default__botsort__roi,mubi_road,yolo26l_default,YOLO26l default,botsort,roi,6865,bus,392.0,393.03333333333336,1.0333333333333599,11760,11791,1212.2822265625,594.30029296875,1187.903564453125,564.1878051757812,0.339787937262479,0.4156700074672699,17
mubi_road__yolo26l_default__botsort__roi,mubi_road,yolo26l_default,YOLO26l default,botsort,roi,6910,car,396.73333333333335,397.3666666666667,0.6333333333333258,11902,11921,1060.8048095703125,598.3982543945312,1045.1571044921875,561.0950927734375,0.7407073033483405,0.8069130778312683,19
mubi_road__yolo26l_default__botsort__roi,mubi_road,yolo26l_default,YOLO26l default,botsort,roi,6927,car,415.4,415.9,0.5,12462,12477,873.8555297851562,560.9439697265625,876.5015869140625,560.049560546875,0.7340541243553161,0.782130241394043,15
mubi_road__yolo26l_default__botsort__roi,mubi_road,yolo26l_default,YOLO26l default,botsort,roi,6949,truck,397.3,419.96666666666664,22.66666666666663,11919,12599,727.3419799804688,561.9854125976562,722.5721435546875,570.552490234375,0.3129031777381897,0.3332531154155731,5
mubi_road__yolo26l_default__botsort__roi,mubi_road,yolo26l_default,YOLO26l default,botsort,roi,6999,truck,401.46666666666664,401.7,0.2333333333333485,12044,12051,1145.38525390625,563.3699951171875,1142.2470703125,560.2705688476562,0.33689951470920015,0.3692200183868408,7
mubi_road__yolo26l_default__botsort__roi,mubi_road,yolo26l_default,YOLO26l default,botsort,roi,7029,bus,404.1666666666667,407.23333333333335,3.066666666666663,12125,12217,1024.6141357421875,599.6285400390625,1024.6141357421875,599.6285400390625,0.3082132339477539,0.3082132339477539,1
mubi_road__yolo26l_default__botsort__roi,mubi_road,yolo26l_default,YOLO26l default,botsort,roi,7041,car,408.43333333333334,410.53333333333336,2.1000000000000227,12253,12316,1107.533935546875,599.9832763671875,1081.52490234375,561.060791015625,0.3754807140897302,0.4934734106063843,34
mubi_road__yolo26l_default__botsort__roi,mubi_road,yolo26l_default,YOLO26l default,botsort,roi,7048,car,413.1,413.93333333333334,0.8333333333333144,12393,12418,795.41357421875,560.120361328125,781.5289306640625,598.76904296875,0.5535503339767456,0.7021398544311523,25
mubi_road__yolo26l_default__botsort__roi,mubi_road,yolo26l_default,YOLO26l default,botsort,roi,7049,car,413.8666666666667,413.9,0.03333333333330302,12416,12417,1217.1796875,560.3161010742188,1217.1796875,560.3161010742188,0.2638523578643799,0.2638523578643799,1
mubi_road__yolo26l_default__botsort__roi,mubi_road,yolo26l_default,YOLO26l default,botsort,roi,7049,car,414.1666666666667,415.8666666666667,1.6999999999999886,12425,12476,1216.4371337890625,560.1724853515625,1216.022705078125,562.0447998046875,0.5080426989817152,0.6365962624549866,51
mubi_road__yolo26l_default__botsort__roi,mubi_road,yolo26l_default,YOLO26l default,botsort,roi,7089,car,410.6666666666667,419.96666666666664,9.299999999999955,12320,12599,1189.66552734375,560.2603149414062,1189.66552734375,560.2603149414062,0.29390376806259155,0.29390376806259155,1
mubi_road__yolo26l_default__botsort__roi,mubi_road,yolo26l_default,YOLO26l default,botsort,roi,7106,car,415.1666666666667,415.93333333333334,0.7666666666666515,12455,12478,1192.9969482421875,573.3547973632812,1192.507080078125,573.3092041015625,0.29629109303156537,0.304140567779541,3
